character_id,character_name,game_title,release_year,developer,publisher,game_scale,genre,narrative_role,playable_status,gender,sexuality,identity_category,identity_confirmation,queer_status,intersectionality_present,intersectionality_details,evidence_source,notes,character_image,image_credit,image_source_url,source_language,discovery_source,research_status,evidence_confidence,platform_version,last_reviewed
127,Vivian,Paper Mario: The Thousand Year Door,2004,,,,,unknown,unknown,other,not_recorded,gender_identity,not_explicit_in_game,ambiguous,,,https://lgbtqgamearchive.com/2015/09/11/vivian,LGBTQ Video Game Archive classification: transgender:implicit. Source page: Vivian in Paper Mario.,,,,en,LGBTQ Video Game Archive,reviewed,medium,,2026-08-22
128,Damone LaCoque,Leisure Suit Larry: Box Office Bust,2009,,,,,unknown,unknown,man,bisexual,sexual_orientation,not_explicit_in_game,ambiguous,,,https://lgbtqgamearchive.com/2015/09/10/damone-lacoque-in-leisure-suit-larry-box-office-bust,LGBTQ Video Game Archive classification: bisexual:implicit. Source page: Damone LaCoque in Leisure Suit Larry: Box Office Bust.,,,,en,LGBTQ Video Game Archive,reviewed,medium,,2026-08-22
129,Ione,Leisure Suit Larry: Magna Cum Laude,2004,,,,,unknown,unknown,woman,lesbian,sexual_orientation,explicit_in_game,confirmed,,,https://lgbtqgamearchive.com/2015/09/10/ione-in-leisure-suit-larry-magna-cum-laude,LGBTQ Video Game Archive classification: lesbian:explicit. Source page: Ione in Leisure Suit Larry: Magna Cum Laude.,,,,en,LGBTQ Video Game Archive,reviewed,high,,2026-08-22
130,Luba,Leisure Suit Larry: Magna Cum Laude,2004,,,,,unknown,unknown,woman,bisexual,sexual_orientation,not_explicit_in_game,ambiguous,,,https://lgbtqgamearchive.com/2015/09/10/luba-in-leisure-suit-larry-magna-cum-laude,LGBTQ Video Game Archive classification: bisexual:implicit. Source page: Luba in Leisure Suit Larry: Magna Cum Laude.,,,,en,LGBTQ Video Game Archive,reviewed,medium,,2026-08-22
131,Fang,Final Fantasy XIII,2009,,,,,unknown,playable,woman,lesbian,sexual_orientation,not_explicit_in_game,ambiguous,,,https://lgbtqgamearchive.com/2018/06/24/fang-and-vanille-in-final-fantasy-iii,LGBTQ Video Game Archive classification: lesbian:implicit. Source page: Fang and Vanille in Final Fantasy III.,,,,en,LGBTQ Video Game Archive,reviewed,medium,,2026-08-22
132,Vanille,Final Fantasy XIII,2009,,,,,unknown,playable,woman,lesbian,sexual_orientation,not_explicit_in_game,ambiguous,,,https://lgbtqgamearchive.com/2018/06/24/fang-and-vanille-in-final-fantasy-iii,LGBTQ Video Game Archive classification: lesbian:implicit. Source page: Fang and Vanille in Final Fantasy III.,,,,en,LGBTQ Video Game Archive,reviewed,medium,,2026-08-22
133,Quina Quen,Final Fantasy IX,2000,,,,,unknown,playable,non_binary,not_recorded,gender_identity,explicit_in_game,confirmed,,,https://lgbtqgamearchive.com/2015/12/12/quina-quen-in-final-fantasy-ix,LGBTQ Video Game Archive classification: non-binary or genderqueer:explicit. Source page: Quina Quen in Final Fantasy IX.,,,,en,LGBTQ Video Game Archive,reviewed,high,,2026-08-22
134,Lady Howard,Gabriel Knight 3: Blood of the Sacred Blood of the Damned,1999,,,,,unknown,unknown,woman,lesbian,sexual_orientation,not_explicit_in_game,ambiguous,,,https://lgbtqgamearchive.com/2015/08/27/lady-howard-and-estelle-stiles-in-gabriel-knight-blood-of-the-sacred-blood-of-the-damned,"LGBTQ Video Game Archive classification: lesbian:implicit. Source page: Lady Howard and Estelle Stiles in Gabriel Knight: Blood of the Sacred, Blood of the Damned.",,,,en,LGBTQ Video Game Archive,reviewed,medium,,2026-08-22
135,Estelle Stiles,Gabriel Knight 3: Blood of the Sacred Blood of the Damned,1999,,,,,unknown,unknown,woman,lesbian,sexual_orientation,not_explicit_in_game,ambiguous,,,https://lgbtqgamearchive.com/2015/08/27/lady-howard-and-estelle-stiles-in-gabriel-knight-blood-of-the-sacred-blood-of-the-damned,"LGBTQ Video Game Archive classification: lesbian:implicit. Source page: Lady Howard and Estelle Stiles in Gabriel Knight: Blood of the Sacred, Blood of the Damned.",,,,en,LGBTQ Video Game Archive,reviewed,medium,,2026-08-22
136,Bjornolfr,The Elder Scrolls V: Skyrim,2011,,,,,unknown,unknown,man,gay,sexual_orientation,explicit_in_game,confirmed,,,https://lgbtqgamearchive.com/2019/09/16/bjornolfr-and-hrodulf-in-the-elder-scrolls-v-skyrim,LGBTQ Video Game Archive classification: gay:explicit. Source page: Bjornolfr and Hrodulf in The Elder Scrolls V: Skyrim.,,,,en,LGBTQ Video Game Archive,reviewed,high,,2026-08-22
137,Hrodulf,The Elder Scrolls V: Skyrim,2011,,,,,unknown,unknown,man,gay,sexual_orientation,explicit_in_game,confirmed,,,https://lgbtqgamearchive.com/2019/09/16/bjornolfr-and-hrodulf-in-the-elder-scrolls-v-skyrim,LGBTQ Video Game Archive classification: gay:explicit. Source page: Bjornolfr and Hrodulf in The Elder Scrolls V: Skyrim.,,,,en,LGBTQ Video Game Archive,reviewed,high,,2026-08-22
138,Boethiah,The Elder Scrolls: Morrowind,2002,,,,,unknown,unknown,non_binary,not_recorded,gender_identity,explicit_in_game,confirmed,,,https://lgbtqgamearchive.com/2016/09/05/boethiah-in-the-elder-scrolls-iii-morrowind,LGBTQ Video Game Archive classification: non-binary or genderqueer:explicit. Source page: Boethiah in The Elder Scrolls III: Morrowind.,,,,en,LGBTQ Video Game Archive,reviewed,high,,2026-08-22
139,Mephala,The Elder Scrolls: Morrowind,2002,,,,,unknown,unknown,not_recorded,not_recorded,intersex_variation,explicit_in_game,confirmed,,,https://lgbtqgamearchive.com/2016/09/05/mephala-in-the-elder-scrolls-iii-morrowind,LGBTQ Video Game Archive classification: intersex:explicit. Source page: Mephala in The Elder Scrolls III: Morrowind.,,,,en,LGBTQ Video Game Archive,reviewed,high,,2026-08-22
140,Molag Bal,The Elder Scrolls: Morrowind,2002,,,,,unknown,unknown,not_recorded,not_recorded,intersex_variation,explicit_in_game,confirmed,,,https://lgbtqgamearchive.com/2016/09/05/molag-bal-in-the-elder-scrolls-iii-morrowind,LGBTQ Video Game Archive classification: intersex:explicit. Source page: Molag Bal in The Elder Scrolls III: Morrowind.,,,,en,LGBTQ Video Game Archive,reviewed,high,,2026-08-22
141,Crassius Curio,The Elder Scrolls: Morrowind,2002,,,,,unknown,unknown,not_recorded,bisexual,sexual_orientation,explicit_in_game,confirmed,,,https://lgbtqgamearchive.com/2016/09/05/crassius-curio-in-the-elder-scrolls-morrowind,LGBTQ Video Game Archive classification: bisexual:explicit. Source page: Crassius Curio in The Elder Scrolls: Morrowind.,,,,en,LGBTQ Video Game Archive,reviewed,high,,2026-08-22
142,Vivec,The Elder Scrolls: Morrowind,2002,,,,,unknown,unknown,non_binary,bisexual,sexual_orientation; gender_identity; intersex_variation,explicit_in_game,confirmed,,,https://lgbtqgamearchive.com/2016/09/05/vivec-in-the-elder-scrolls-iii-morrowind,"LGBTQ Video Game Archive classification: bisexual:explicit, non-binary or genderqueer:explicit, intersex:explicit. Source page: Vivec in The Elder Scrolls III: Morrowind.",,,,en,LGBTQ Video Game Archive,reviewed,high,,2026-08-22
143,Alex Richards,Fallout: New Vegas,2010,,,,,unknown,unknown,man,gay,sexual_orientation,explicit_in_game,confirmed,,,https://lgbtqgamearchive.com/2015/12/02/alex-richards-in-fallout-new-vegas,LGBTQ Video Game Archive classification: gay:explicit. Source page: Alex Richards in Fallout: New Vegas.,,,,en,LGBTQ Video Game Archive,reviewed,high,,2026-08-22
144,Anthony “Gay Tony” Prince,Grand Theft Auto: The Ballad of Gay Tony,2010,,,,,unknown,unknown,man,gay,sexual_orientation,explicit_in_game,confirmed,,,https://lgbtqgamearchive.com/2015/09/14/anthony-gay-tony-prince-in-grand-theft-auto-the-ballad-of-gay-tony,LGBTQ Video Game Archive classification: gay:explicit. Source page: Anthony “Gay Tony” Prince in Grand Theft Auto: The Ballad of Gay Tony.,,,,en,LGBTQ Video Game Archive,reviewed,high,,2026-08-22
145,Anthony Ling,Fallout 3,2008,,,,,unknown,unknown,man,gay,sexual_orientation,not_explicit_in_game,ambiguous,,,https://lgbtqgamearchive.com/2015/11/25/anthony-ling-in-fallout-3,LGBTQ Video Game Archive classification: gay:implicit. Source page: Anthony Ling in Fallout 3.,,,,en,LGBTQ Video Game Archive,reviewed,medium,,2026-08-22
146,Arcade Gannon,Fallout: New Vegas,2010,,,,,unknown,unknown,man,gay,sexual_orientation,explicit_in_game,confirmed,,,https://lgbtqgamearchive.com/2015/12/01/arcade-gannon-in-fallout-new-vegas,LGBTQ Video Game Archive classification: gay:explicit. Source page: Arcade Gannon in Fallout: New Vegas.,,,,en,LGBTQ Video Game Archive,reviewed,high,,2026-08-22
147,Bernie Crane (Florian Cravic),Grand Theft Auto IV,2008,,,,,unknown,unknown,man,gay,sexual_orientation,explicit_in_game,confirmed,,,https://lgbtqgamearchive.com/2015/09/11/bernie-crane-florian-cravic-in-grand-theft-auto-iv,LGBTQ Video Game Archive classification: gay:explicit. Source page: Bernie Crane (Florian Cravic) in Grand Theft Auto IV.,,,,en,LGBTQ Video Game Archive,reviewed,high,,2026-08-22
148,Binbou-gami,Shin Megami Tensei: Devil Summoner 2,2008,,,,,unknown,unknown,man,gay,sexual_orientation,not_explicit_in_game,ambiguous,,,https://lgbtqgamearchive.com/2015/12/10/binbou-gami-in-devil-summoner-2,LGBTQ Video Game Archive classification: gay:implicit. Source page: Binbou-gami in Devil Summoner 2.,,,,en,LGBTQ Video Game Archive,reviewed,medium,,2026-08-22
149,Brucie Kibbutz,Grand Theft Auto IV,2008,,,,,unknown,unknown,man,bisexual,sexual_orientation,not_explicit_in_game,ambiguous,,,https://lgbtqgamearchive.com/2015/09/10/brucie-kibbutz-in-grand-theft-auto-iv,LGBTQ Video Game Archive classification: bisexual:implicit. Source page: Brucie Kibbutz in Grand Theft Auto IV.,,,,en,LGBTQ Video Game Archive,reviewed,medium,,2026-08-22
150,Bryce Dawkins,Grand Theft Auto IV,2008,,,,,unknown,unknown,man,gay,sexual_orientation,explicit_in_game,confirmed,,,https://lgbtqgamearchive.com/2015/09/11/bryce-dawkins-in-grand-theft-auto-iv,LGBTQ Video Game Archive classification: gay:explicit. Source page: Bryce Dawkins in Grand Theft Auto IV.,,,,en,LGBTQ Video Game Archive,reviewed,high,,2026-08-22
151,Carol,Fallout 3,2008,,,,,unknown,unknown,woman,lesbian,sexual_orientation,explicit_in_game,confirmed,,,https://lgbtqgamearchive.com/2015/11/25/carol-and-greta-in-fallout-3,LGBTQ Video Game Archive classification: lesbian:explicit. Source page: Carol and Greta in Fallout 3.,,,,en,LGBTQ Video Game Archive,reviewed,high,,2026-08-22
152,Greta,Fallout 3,2008,,,,,unknown,unknown,woman,lesbian,sexual_orientation,explicit_in_game,confirmed,,,https://lgbtqgamearchive.com/2015/11/25/carol-and-greta-in-fallout-3,LGBTQ Video Game Archive classification: lesbian:explicit. Source page: Carol and Greta in Fallout 3.,,,,en,LGBTQ Video Game Archive,reviewed,high,,2026-08-22
153,Christine Royce,Fallout: New Vegas,2010,,,,,unknown,unknown,woman,lesbian,sexual_orientation,explicit_in_game,confirmed,,,https://lgbtqgamearchive.com/2015/12/02/christine-royce-in-fallout-new-vegas,LGBTQ Video Game Archive classification: lesbian:explicit. Source page: Christine Royce in Fallout: New Vegas.,,,,en,LGBTQ Video Game Archive,reviewed,high,,2026-08-22
154,Clay “Pain Giver” Jackson,Grand Theft Auto: The Ballad of Gay Tony,2010,,,,,unknown,unknown,man,gay,sexual_orientation,not_explicit_in_game,ambiguous,,,https://lgbtqgamearchive.com/2015/09/14/clay-pain-giver-jackson-in-grand-theft-auto-the-ballad-of-gay-tony,"LGBTQ Video Game Archive classification: gay:explicit. Source page: Clay “Pain Giver” Jackson in Grand Theft Auto: The Ballad of Gay Tony. Press Q records the orientation as ambiguous because the source describes it as rumored, implied, or not explicitly stated.",,,,en,LGBTQ Video Game Archive,reviewed,medium,,2026-08-22
155,Corporal Betsy,Fallout: New Vegas,2010,,,,,unknown,unknown,woman,lesbian,sexual_orientation,explicit_in_game,confirmed,,,https://lgbtqgamearchive.com/2015/12/02/6758,LGBTQ Video Game Archive classification: lesbian:explicit. Source page: Corporal Betsy in Fallout: New Vegas.,,,,en,LGBTQ Video Game Archive,reviewed,high,,2026-08-22
156,Eddie Low,Grand Theft Auto IV,2008,,,,,unknown,unknown,man,bisexual,sexual_orientation,explicit_in_game,confirmed,,,https://lgbtqgamearchive.com/2015/09/12/eddie-low-in-grand-theft-auto-iv,LGBTQ Video Game Archive classification: bisexual:explicit. Source page: Eddie Low in Grand Theft Auto IV.,,,,en,LGBTQ Video Game Archive,reviewed,high,,2026-08-22
157,Elizabeta Torres,Grand Theft Auto IV,2008,,,,,unknown,unknown,woman,lesbian; bisexual,sexual_orientation,not_explicit_in_game,ambiguous,,,https://lgbtqgamearchive.com/2015/09/11/elizabeta-torres-in-grand-theft-auto-iv,"LGBTQ Video Game Archive classification: lesbian:implicit, bisexual:implicit. Source page: Elizabeta Torres in Grand Theft Auto IV.",,,,en,LGBTQ Video Game Archive,reviewed,medium,,2026-08-22
158,Evan Moss,Grand Theft Auto: The Ballad of Gay Tony,2010,,,,,unknown,unknown,man,gay,sexual_orientation,explicit_in_game,confirmed,,,https://lgbtqgamearchive.com/2015/09/14/evan-moss-in-grand-theft-auto-the-ballad-of-gay-tony,LGBTQ Video Game Archive classification: gay:explicit. Source page: Evan Moss in Grand Theft Auto: The Ballad of Gay Tony.,,,,en,LGBTQ Video Game Archive,reviewed,high,,2026-08-22
159,Flak,Fallout 3,2008,,,,,unknown,unknown,man,gay,sexual_orientation,not_explicit_in_game,ambiguous,,,https://lgbtqgamearchive.com/2015/11/25/flak-and-shrapnel-in-fallout-3,LGBTQ Video Game Archive classification: gay:implicit. Source page: Flak and Shrapnel in Fallout 3.,,,,en,LGBTQ Video Game Archive,reviewed,medium,,2026-08-22
160,Shrapnel,Fallout 3,2008,,,,,unknown,unknown,man,gay,sexual_orientation,not_explicit_in_game,ambiguous,,,https://lgbtqgamearchive.com/2015/11/25/flak-and-shrapnel-in-fallout-3,LGBTQ Video Game Archive classification: gay:implicit. Source page: Flak and Shrapnel in Fallout 3.,,,,en,LGBTQ Video Game Archive,reviewed,medium,,2026-08-22
161,Gay Pedestrian,Grand Theft Auto III,2001,,,,,unknown,unknown,man,gay,sexual_orientation,explicit_in_game,confirmed,,,https://lgbtqgamearchive.com/2015/09/05/gay-pedestrian-in-grand-theft-auto-iii,LGBTQ Video Game Archive classification: gay:explicit. Source page: Gay Pedestrian in Grand Theft Auto III.,,,,en,LGBTQ Video Game Archive,reviewed,high,,2026-08-22
162,Goro Tatsumi,Shin Megami Tensei: Devil Summoner 2,2008,,,,,unknown,unknown,man,gay,sexual_orientation,explicit_in_game,confirmed,,,https://lgbtqgamearchive.com/2015/12/10/goro-tatsumi-in-devil-summoner-2,LGBTQ Video Game Archive classification: gay:explicit. Source page: Goro Tatsumi in Devil Summoner 2.,,,,en,LGBTQ Video Game Archive,reviewed,high,,2026-08-22
163,Jacob,Grand Theft Auto: The Ballad of Gay Tony,2010,,,,,unknown,unknown,man,gay,sexual_orientation,explicit_in_game,confirmed,,,https://lgbtqgamearchive.com/2015/09/14/jacob-in-grand-theft-auto-the-ballad-of-gay-tony,LGBTQ Video Game Archive classification: gay:explicit. Source page: Jacob in Grand Theft Auto: The Ballad of Gay Tony.,,,,en,LGBTQ Video Game Archive,reviewed,high,,2026-08-22
164,Jimmy,Fallout: New Vegas,2010,,,,,unknown,unknown,man,gay,sexual_orientation,explicit_in_game,confirmed,,,https://lgbtqgamearchive.com/2015/12/02/jimmy-in-fallout-new-vegas,LGBTQ Video Game Archive classification: gay:explicit. Source page: Jimmy in Fallout: New Vegas.,,,,en,LGBTQ Video Game Archive,reviewed,high,,2026-08-22
165,Kazuki Kasen,Grand Theft Auto: Liberty City Stories,2005,,,,,unknown,unknown,man,gay,sexual_orientation,not_explicit_in_game,ambiguous,,,https://lgbtqgamearchive.com/2015/09/06/kazuki-kasen-in-grand-theft-auto-liberty-city-stories,LGBTQ Video Game Archive classification: gay:implicit. Source page: Kazuki Kasen in Grand Theft Auto: Liberty City Stories.,,,,en,LGBTQ Video Game Archive,reviewed,medium,,2026-08-22
166,Li Dian,Dynasty Warriors 8,2013,,,,,unknown,playable,man,gay; bisexual,sexual_orientation,not_explicit_in_game,ambiguous,,,https://lgbtqgamearchive.com/2018/06/24/li-dian-in-dynasty-warriors-8,"LGBTQ Video Game Archive classification: gay:implicit, bisexual:implicit. Source page: Li Dian in Dynasty Warriors 8.",,,,en,LGBTQ Video Game Archive,reviewed,medium,,2026-08-22
167,Major Knight,Fallout: New Vegas,2010,,,,,unknown,unknown,man,gay,sexual_orientation,explicit_in_game,confirmed,,,https://lgbtqgamearchive.com/2015/12/02/major-knight-in-fallout-new-vegas,LGBTQ Video Game Archive classification: gay:explicit. Source page: Major Knight in Fallout: New Vegas.,,,,en,LGBTQ Video Game Archive,reviewed,high,,2026-08-22
168,Marcus,Grand Theft Auto IV,2008,,,,,unknown,unknown,man,gay,sexual_orientation,not_explicit_in_game,ambiguous,,,https://lgbtqgamearchive.com/2015/09/12/marcus-in-grand-theft-auto-iv,LGBTQ Video Game Archive classification: gay:implicit. Source page: Marcus in Grand Theft Auto IV.,,,,en,LGBTQ Video Game Archive,reviewed,medium,,2026-08-22
169,Peter Dreyfuss,Grand Theft Auto V,2013,,,,,unknown,unknown,man,bisexual,sexual_orientation,explicit_in_game,confirmed,,,https://lgbtqgamearchive.com/2015/09/18/peter-dreyfuss-in-grand-theft-auto-v,LGBTQ Video Game Archive classification: bisexual:explicit. Source page: Peter Dreyfuss in Grand Theft Auto V.,,,,en,LGBTQ Video Game Archive,reviewed,high,,2026-08-22
170,Reni Wassulmaier,Grand Theft Auto: Vice City Stories,2006,,,,,unknown,unknown,non_binary,not_recorded,gender_identity,not_explicit_in_game,ambiguous,,,https://lgbtqgamearchive.com/2015/09/06/reni-wassulmaier-in-grand-theft-auto-vice-city-stories,LGBTQ Video Game Archive classification: non-binary or genderqueer:implicit. Source page: Reni Wassulmaier in Grand Theft Auto: Vice City Stories.,,,,en,LGBTQ Video Game Archive,reviewed,medium,,2026-08-22
171,Sergio,Fallout: New Vegas,2010,,,,,unknown,unknown,man,gay,sexual_orientation,not_explicit_in_game,ambiguous,,,https://lgbtqgamearchive.com/2015/12/02/sergio-in-fallout-new-vegas,LGBTQ Video Game Archive classification: gay:implicit. Source page: Sergio in Fallout: New Vegas.,,,,en,LGBTQ Video Game Archive,reviewed,medium,,2026-08-22
172,Talbot Daniels,Grand Theft Auto IV,2008,,,,,unknown,unknown,man,gay,sexual_orientation,not_explicit_in_game,ambiguous,,,https://lgbtqgamearchive.com/2015/09/12/talbot-daniels-in-grand-theft-auto-iv,LGBTQ Video Game Archive classification: gay:implicit. Source page: Talbot Daniels in Grand Theft Auto IV.,,,,en,LGBTQ Video Game Archive,reviewed,medium,,2026-08-22
173,Tetsuo,Grand Theft Auto II,1999,,,,,unknown,unknown,man,gay,sexual_orientation,explicit_in_game,confirmed,,,https://lgbtqgamearchive.com/2015/09/06/tetsuo-in-grand-theft-auto-ii,LGBTQ Video Game Archive classification: gay:explicit. Source page: Tetsuo in Grand Theft Auto II.,,,,en,LGBTQ Video Game Archive,reviewed,high,,2026-08-22
174,The Celebinator,Grand Theft Auto: The Ballad of Gay Tony,2010,,,,,unknown,unknown,man,gay,sexual_orientation,not_explicit_in_game,ambiguous,,,https://lgbtqgamearchive.com/2015/09/14/the-celebinator-in-grand-theft-auto-the-ballad-of-gay-tony,LGBTQ Video Game Archive classification: gay:implicit. Source page: The Celebinator in Grand Theft Auto: The Ballad of Gay Tony.,,,,en,LGBTQ Video Game Archive,reviewed,medium,,2026-08-22
175,Tom “French Tom” Rivas,Grand Theft Auto IV,2008,,,,,unknown,unknown,man,gay,sexual_orientation,explicit_in_game,confirmed,,,https://lgbtqgamearchive.com/2015/09/10/tom-french-tom-rivas-in-grand-theft-auto-iv,LGBTQ Video Game Archive classification: gay:explicit. Source page: Tom “French Tom” Rivas in Grand Theft Auto IV.,,,,en,LGBTQ Video Game Archive,reviewed,high,,2026-08-22
176,Trevor Philips,Grand Theft Auto V,2013,,,,,unknown,playable,man,bisexual,sexual_orientation,explicit_in_game,confirmed,,,https://lgbtqgamearchive.com/2015/09/18/trevor-philips-in-grand-theft-auto-v,LGBTQ Video Game Archive classification: bisexual:explicit. Source page: Trevor Philips in Grand Theft Auto V.,,,,en,LGBTQ Video Game Archive,reviewed,high,,2026-08-22
177,Veronica Santangelo,Fallout: New Vegas,2010,,,,,unknown,unknown,woman,lesbian,sexual_orientation,explicit_in_game,confirmed,,,https://lgbtqgamearchive.com/2015/12/02/veronica-santangelo-in-fallout-new-vegas,LGBTQ Video Game Archive classification: lesbian:explicit. Source page: Veronica Santangelo in Fallout: New Vegas.,,,,en,LGBTQ Video Game Archive,reviewed,high,,2026-08-22
178,Kaz,Metal Gear Solid: Peace Walker,2010,,,,,unknown,unknown,man,bisexual,sexual_orientation,not_explicit_in_game,ambiguous,,,https://lgbtqgamearchive.com/2015/09/11/kaz,LGBTQ Video Game Archive classification: bisexual:implicit. Source page: Kaz in Metal Gear Solid: Peace Walker.,,,,en,LGBTQ Video Game Archive,reviewed,medium,,2026-08-22
179,Ocelot,Metal Gear Solid,1998,,,,,unknown,unknown,man,gay,sexual_orientation,not_explicit_in_game,ambiguous,,,https://lgbtqgamearchive.com/2015/09/11/ocelot,LGBTQ Video Game Archive classification: gay:implicit. Source page: Ocelot in Metal Gear Solid.,,,,en,LGBTQ Video Game Archive,reviewed,medium,,2026-08-22
180,Otacon,Metal Gear Solid,1998,,,,,unknown,unknown,man,gay,sexual_orientation,not_explicit_in_game,ambiguous,,,https://lgbtqgamearchive.com/2015/09/11/otacon,LGBTQ Video Game Archive classification: gay:implicit. Source page: Otacon in Metal Gear Solid.,,,,en,LGBTQ Video Game Archive,reviewed,medium,,2026-08-22
181,Raikov,Metal Gear Solid 3: Snake Eater,2004,,,,,unknown,unknown,man,gay,sexual_orientation,explicit_in_game,confirmed,,,https://lgbtqgamearchive.com/2015/09/11/raikov,LGBTQ Video Game Archive classification: gay:explicit. Source page: Raikov Metal Gear Solid 3: Snake Eater.,,,,en,LGBTQ Video Game Archive,reviewed,high,,2026-08-22
182,Scott Dolph,Metal Gear Solid 2: Sons of Liberty,2001,,,,,unknown,unknown,man,bisexual,sexual_orientation,not_explicit_in_game,ambiguous,,,https://lgbtqgamearchive.com/2015/09/11/scott-dolph,"LGBTQ Video Game Archive classification: bisexual:implicit. Source page: Scott Dolph in Metal Gear Solid 2: Sons of Liberty. Press Q records the orientation as ambiguous because the source describes it as rumored, implied, or not explicitly stated.",,,,en,LGBTQ Video Game Archive,reviewed,medium,,2026-08-22
183,Strangelove,Metal Gear Solid: Peace Walker,2010,,,,,unknown,unknown,woman,lesbian,sexual_orientation,explicit_in_game,confirmed,,,https://lgbtqgamearchive.com/2015/09/11/strangelove,LGBTQ Video Game Archive classification: lesbian:explicit. Source page: Strangelove in Metal Gear Solid: Peace Walker.,,,,en,LGBTQ Video Game Archive,reviewed,high,,2026-08-22
184,Vamp,Metal Gear Solid 2: Sons of Liberty,2001,,,,,unknown,unknown,man,bisexual,sexual_orientation,explicit_in_game,confirmed,,,https://lgbtqgamearchive.com/2015/09/11/vamp,LGBTQ Video Game Archive classification: bisexual:explicit. Source page: Vamp in Metal Gear Solid 2: Sons of Liberty.,,,,en,LGBTQ Video Game Archive,reviewed,high,,2026-08-22
185,Volgin,Metal Gear Solid 3: Snake Eater,2004,,,,,unknown,unknown,man,bisexual,sexual_orientation,explicit_in_game,confirmed,,,https://lgbtqgamearchive.com/2015/09/11/volgin,LGBTQ Video Game Archive classification: bisexual:explicit. Source page: Volgin in Metal Gear Solid 3: Snake Eater.,,,,en,LGBTQ Video Game Archive,reviewed,high,,2026-08-22
186,Big Gay Al,South Park Rally,1999,,,,,unknown,unknown,man,gay,sexual_orientation,explicit_in_game,confirmed,,,https://lgbtqgamearchive.com/2015/08/31/big-gay-al-in-south-park-rally,LGBTQ Video Game Archive classification: gay:explicit. Source page: Big Gay Al in South Park Rally.,,,,en,LGBTQ Video Game Archive,reviewed,high,,2026-08-22
187,Cop,The Longest Journey,1999,,,,,unknown,unknown,man,gay,sexual_orientation,explicit_in_game,confirmed,,,https://lgbtqgamearchive.com/2015/08/26/cop-in-the-longest-journey,LGBTQ Video Game Archive classification: gay:explicit. Source page: Cop in The Longest Journey.,,,,en,LGBTQ Video Game Archive,reviewed,high,,2026-08-22
188,Elincia,Fire Emblem: Radiant Dawn,2007,,,,,unknown,playable,woman,lesbian; bisexual,sexual_orientation,not_explicit_in_game,ambiguous,,,https://lgbtqgamearchive.com/?p=12619,"LGBTQ Video Game Archive classification: lesbian:implicit, bisexual:implicit. Source page: Elincia and Lucia in Fire Emblem: Radiant Dawn.",,,,en,LGBTQ Video Game Archive,reviewed,medium,,2026-08-22
189,Lucia,Fire Emblem: Radiant Dawn,2007,,,,,unknown,playable,woman,lesbian; bisexual,sexual_orientation,not_explicit_in_game,ambiguous,,,https://lgbtqgamearchive.com/?p=12619,"LGBTQ Video Game Archive classification: lesbian:implicit, bisexual:implicit. Source page: Elincia and Lucia in Fire Emblem: Radiant Dawn.",,,,en,LGBTQ Video Game Archive,reviewed,medium,,2026-08-22
190,Ephraim,Fire Emblem: Sacred Stones,2004,,,,,unknown,playable,man,bisexual,sexual_orientation,not_explicit_in_game,ambiguous,,,https://lgbtqgamearchive.com/?p=12607,LGBTQ Video Game Archive classification: bisexual:implicit. Source page: Ephraim and Lyon in Fire Emblem: Sacred Stones.,,,,en,LGBTQ Video Game Archive,reviewed,medium,,2026-08-22
191,Lyon,Fire Emblem: Sacred Stones,2004,,,,,unknown,playable,man,bisexual,sexual_orientation,not_explicit_in_game,ambiguous,,,https://lgbtqgamearchive.com/?p=12607,LGBTQ Video Game Archive classification: bisexual:implicit. Source page: Ephraim and Lyon in Fire Emblem: Sacred Stones.,,,,en,LGBTQ Video Game Archive,reviewed,medium,,2026-08-22
192,Fiona,The Longest Journey,1999,,,,,unknown,unknown,woman,lesbian,sexual_orientation,explicit_in_game,confirmed,,,https://lgbtqgamearchive.com/2015/08/26/fiona-and-mickey-from-the-longest-journey,LGBTQ Video Game Archive classification: lesbian:explicit. Source page: Fiona and Mickey from The Longest Journey.,,,,en,LGBTQ Video Game Archive,reviewed,high,,2026-08-22
193,Mickey,The Longest Journey,1999,,,,,unknown,unknown,woman,lesbian,sexual_orientation,explicit_in_game,confirmed,,,https://lgbtqgamearchive.com/2015/08/26/fiona-and-mickey-from-the-longest-journey,LGBTQ Video Game Archive classification: lesbian:explicit. Source page: Fiona and Mickey from The Longest Journey.,,,,en,LGBTQ Video Game Archive,reviewed,high,,2026-08-22
194,Florina,Fire Emblem: Rekka no Ken,2003,,,,,unknown,playable,woman,lesbian,sexual_orientation,not_explicit_in_game,ambiguous,,,https://lgbtqgamearchive.com/2016/09/05/florina-and-lyndis-in-fire-emblem-blazing-sword-rekka-no-ken,LGBTQ Video Game Archive classification: lesbian:implicit. Source page: Florina and Lyndis in Fire Emblem: Blazing Sword (Rekka no Ken). Press Q does not assign one fixed orientation to every person in an optional pair from a shared relationship page.,,,,en,LGBTQ Video Game Archive,reviewed,medium,,2026-08-22
195,Lyndis,Fire Emblem: Rekka no Ken,2003,,,,,unknown,playable,woman,lesbian,sexual_orientation,not_explicit_in_game,ambiguous,,,https://lgbtqgamearchive.com/2016/09/05/florina-and-lyndis-in-fire-emblem-blazing-sword-rekka-no-ken,LGBTQ Video Game Archive classification: lesbian:implicit. Source page: Florina and Lyndis in Fire Emblem: Blazing Sword (Rekka no Ken). Press Q does not assign one fixed orientation to every person in an optional pair from a shared relationship page.,,,,en,LGBTQ Video Game Archive,reviewed,medium,,2026-08-22
196,Heather,Fire Emblem: Radiant Dawn,2007,,,,,unknown,playable,woman,lesbian,sexual_orientation,explicit_in_game,confirmed,,,https://lgbtqgamearchive.com/2017/02/10/heather-in-fire-emblem-path-of-radiance,LGBTQ Video Game Archive classification: lesbian:explicit. Source page: Heather in Fire Emblem: Radiant Dawn.,,,,en,LGBTQ Video Game Archive,reviewed,high,,2026-08-22
197,Ike,Fire Emblem: Path of Radiance,2005,,,,,unknown,playable,man,gay,sexual_orientation,not_explicit_in_game,ambiguous,,,https://lgbtqgamearchive.com/2016/09/05/ike-and-soren-in-fire-emblem-path-of-radiance,LGBTQ Video Game Archive classification: gay:implicit. Source page: Ike and Soren in Fire Emblem: Path of Radiance. Press Q does not assign one fixed orientation to every person in an optional pair from a shared relationship page.,,,,en,LGBTQ Video Game Archive,reviewed,medium,,2026-08-22
198,Soren,Fire Emblem: Path of Radiance,2005,,,,,unknown,playable,man,gay,sexual_orientation,not_explicit_in_game,ambiguous,,,https://lgbtqgamearchive.com/2016/09/05/ike-and-soren-in-fire-emblem-path-of-radiance,LGBTQ Video Game Archive classification: gay:implicit. Source page: Ike and Soren in Fire Emblem: Path of Radiance. Press Q does not assign one fixed orientation to every person in an optional pair from a shared relationship page.,,,,en,LGBTQ Video Game Archive,reviewed,medium,,2026-08-22
199,Jill,Fire Emblem: Path of Radiance,2005,,,,,unknown,unknown,woman,lesbian,sexual_orientation,not_explicit_in_game,ambiguous,,,https://lgbtqgamearchive.com/?p=10464,LGBTQ Video Game Archive classification: lesbian:implicit. Source page: Jill and Mist in Fire Emblem: Path of Radiance. Press Q does not assign one fixed orientation to every person in an optional pair from a shared relationship page.,,,,en,LGBTQ Video Game Archive,reviewed,medium,,2026-08-22
200,Mist,Fire Emblem: Path of Radiance,2005,,,,,unknown,unknown,woman,lesbian,sexual_orientation,not_explicit_in_game,ambiguous,,,https://lgbtqgamearchive.com/?p=10464,LGBTQ Video Game Archive classification: lesbian:implicit. Source page: Jill and Mist in Fire Emblem: Path of Radiance. Press Q does not assign one fixed orientation to every person in an optional pair from a shared relationship page.,,,,en,LGBTQ Video Game Archive,reviewed,medium,,2026-08-22
201,Joshua,Fire Emblem: Sacred Stones,2004,,,,,unknown,playable,man,gay; bisexual,sexual_orientation,not_explicit_in_game,ambiguous,,,https://lgbtqgamearchive.com/2016/09/05/joshua-and-gerik-in-fire-emblem-sacred-stones,"LGBTQ Video Game Archive classification: gay:implicit, bisexual:implicit. Source page: Joshua and Gerik in Fire Emblem: Sacred Stones. Press Q does not assign one fixed orientation to every person in an optional pair from a shared relationship page.",,,,en,LGBTQ Video Game Archive,reviewed,medium,,2026-08-22
202,Gerik,Fire Emblem: Sacred Stones,2004,,,,,unknown,playable,man,gay; bisexual,sexual_orientation,not_explicit_in_game,ambiguous,,,https://lgbtqgamearchive.com/2016/09/05/joshua-and-gerik-in-fire-emblem-sacred-stones,"LGBTQ Video Game Archive classification: gay:implicit, bisexual:implicit. Source page: Joshua and Gerik in Fire Emblem: Sacred Stones. Press Q does not assign one fixed orientation to every person in an optional pair from a shared relationship page.",,,,en,LGBTQ Video Game Archive,reviewed,medium,,2026-08-22
203,Kyza,Fire Emblem: Radiant Dawn,2007,,,,,unknown,playable,man,gay,sexual_orientation,explicit_in_game,confirmed,,,https://lgbtqgamearchive.com/2017/02/10/kyza-in-fire-emblem-radiant-dawn,"LGBTQ Video Game Archive classification: gay:explicit, transgender:implicit. Source page: Kyza in Fire Emblem: Radiant Dawn.",,,,en,LGBTQ Video Game Archive,reviewed,high,,2026-08-22
204,Legault,Fire Emblem: Rekka no Ken,2003,,,,,unknown,playable,man,bisexual,sexual_orientation,not_explicit_in_game,ambiguous,,,https://lgbtqgamearchive.com/?p=12604,LGBTQ Video Game Archive classification: bisexual:implicit. Source page: Legault in Fire Emblem: The Blazing Blade.,,,,en,LGBTQ Video Game Archive,reviewed,medium,,2026-08-22
205,Leon,Fire Emblem Echoes: Shadows of Valentia,2017,,,,,unknown,playable,man,gay,sexual_orientation,explicit_in_game,confirmed,,,https://lgbtqgamearchive.com/2018/06/21/leon-from-fire-emblem-echoes-shadows-of-valentia,LGBTQ Video Game Archive classification: gay:explicit. Source page: Leon from Fire Emblem Echoes: Shadows of Valentia.,,,,en,LGBTQ Video Game Archive,reviewed,high,,2026-08-22
206,Lucius,Fire Emblem: Rekka no Ken,2003,,,,,unknown,playable,man,gay,sexual_orientation,not_explicit_in_game,ambiguous,,,https://lgbtqgamearchive.com/2016/09/05/lucius-and-raven-in-fire-emblem-blazing-sword-rekka-no-ken,LGBTQ Video Game Archive classification: gay:implicit. Source page: Lucius and Raven in Fire Emblem: Blazing Sword (Rekka no Ken). Press Q does not assign one fixed orientation to every person in an optional pair from a shared relationship page.,,,,en,LGBTQ Video Game Archive,reviewed,medium,,2026-08-22
207,Raven,Fire Emblem: Rekka no Ken,2003,,,,,unknown,playable,man,gay,sexual_orientation,not_explicit_in_game,ambiguous,,,https://lgbtqgamearchive.com/2016/09/05/lucius-and-raven-in-fire-emblem-blazing-sword-rekka-no-ken,LGBTQ Video Game Archive classification: gay:implicit. Source page: Lucius and Raven in Fire Emblem: Blazing Sword (Rekka no Ken). Press Q does not assign one fixed orientation to every person in an optional pair from a shared relationship page.,,,,en,LGBTQ Video Game Archive,reviewed,medium,,2026-08-22
208,Lukas,Fire Emblem Echoes: Shadows of Valentia,2017,,,,,unknown,playable,man,asexual; aromantic,sexual_orientation; romantic_orientation,not_explicit_in_game,ambiguous,,,https://lgbtqgamearchive.com/?p=12634,"LGBTQ Video Game Archive classification: asexual:implicit, aromantic:implicit. Source page: Lukas in Fire Emblem Echoes: Shadows of Valentia.",,,,en,LGBTQ Video Game Archive,reviewed,medium,,2026-08-22
209,Marty,Fire Emblem: Thracia 776,1999,,,,,unknown,playable,man,gay; bisexual,sexual_orientation,not_explicit_in_game,ambiguous,,,https://lgbtqgamearchive.com/?p=12597,"LGBTQ Video Game Archive classification: gay:implicit, bisexual:implicit. Source page: Marty and Dagdar in Fire Emblem: Thracia 776.",,,,en,LGBTQ Video Game Archive,reviewed,medium,,2026-08-22
210,Dagdar,Fire Emblem: Thracia 776,1999,,,,,unknown,playable,man,gay; bisexual,sexual_orientation,not_explicit_in_game,ambiguous,,,https://lgbtqgamearchive.com/?p=12597,"LGBTQ Video Game Archive classification: gay:implicit, bisexual:implicit. Source page: Marty and Dagdar in Fire Emblem: Thracia 776.",,,,en,LGBTQ Video Game Archive,reviewed,medium,,2026-08-22
211,Michael Doi,Bust-a-Groove 2,1999,,,,,unknown,playable,man,gay,sexual_orientation,explicit_in_game,confirmed,,,https://lgbtqgamearchive.com/2015/09/01/michael-doi-in-bust-a-groove-2,LGBTQ Video Game Archive classification: gay:explicit. Source page: Michael Doi in Bust a Groove 2.,,,,en,LGBTQ Video Game Archive,reviewed,high,,2026-08-22
212,Ranulf,Fire Emblem: Radiant Dawn,2007,,,,,unknown,playable,man,gay,sexual_orientation,not_explicit_in_game,ambiguous,,,https://lgbtqgamearchive.com/2017/02/10/ranulf-in-fire-emblem-radiant-dawn,LGBTQ Video Game Archive classification: gay:implicit. Source page: Ranulf in Fire Emblem: Radiant Dawn.,,,,en,LGBTQ Video Game Archive,reviewed,medium,,2026-08-22
213,Reyson,Fire Emblem: Path of Radiance,2005,,,,,unknown,playable,man,gay; bisexual,sexual_orientation,not_explicit_in_game,ambiguous,,,https://lgbtqgamearchive.com/?p=12613,"LGBTQ Video Game Archive classification: gay:implicit, bisexual:implicit. Source page: Reyson and Tibarn in Fire Emblem: Path of Radiance.",,,,en,LGBTQ Video Game Archive,reviewed,medium,,2026-08-22
214,Tibarn,Fire Emblem: Path of Radiance,2005,,,,,unknown,playable,man,gay; bisexual,sexual_orientation,not_explicit_in_game,ambiguous,,,https://lgbtqgamearchive.com/?p=12613,"LGBTQ Video Game Archive classification: gay:implicit, bisexual:implicit. Source page: Reyson and Tibarn in Fire Emblem: Path of Radiance.",,,,en,LGBTQ Video Game Archive,reviewed,medium,,2026-08-22
215,Jolly Roger,Banjo-Tooie,2000,,,,,unknown,playable,man,gay,sexual_orientation,not_explicit_in_game,ambiguous,,,https://lgbtqgamearchive.com/2015/11/09/jolly-roger-in-banjo-tooie,LGBTQ Video Game Archive classification: gay:implicit. Source page: Jolly Roger in Banjo-Tooie.,,,,en,LGBTQ Video Game Archive,reviewed,medium,,2026-08-22
216,Merry Maggie Malpass,Banjo-Tooie,2000,,,,,unknown,unknown,other,not_recorded,gender_identity,not_explicit_in_game,ambiguous,,,https://lgbtqgamearchive.com/2015/11/09/6023,LGBTQ Video Game Archive classification: transgender:implicit. Source page: Merry Maggie Malpass in Banjo-Tooie.,,,,en,LGBTQ Video Game Archive,reviewed,medium,,2026-08-22
217,Telsia Murphy,Star Trek: Voyager Elite Force,2000,,,,,unknown,unknown,woman,bisexual,sexual_orientation,not_explicit_in_game,ambiguous,,,https://lgbtqgamearchive.com/2015/11/13/telsia-murphy-in-star-trek-voyager-elite-force,LGBTQ Video Game Archive classification: bisexual:implicit. Source page: Telsia Murphy in Star Trek: Voyager- Elite Force.,,,,en,LGBTQ Video Game Archive,reviewed,medium,,2026-08-22
218,Willow,Buffy The Vampire Slayer,2000,,,,,unknown,playable,woman,lesbian,sexual_orientation,explicit_in_game,confirmed,,,https://lgbtqgamearchive.com/2015/09/04/willow-and-tara-in-buffy-the-vampire-slayer,LGBTQ Video Game Archive classification: lesbian:explicit. Source page: Willow and Tara in Buffy the Vampire Slayer.,,,,en,LGBTQ Video Game Archive,reviewed,high,,2026-08-22
219,Tara,Buffy The Vampire Slayer,2000,,,,,unknown,playable,woman,lesbian,sexual_orientation,explicit_in_game,confirmed,,,https://lgbtqgamearchive.com/2015/09/04/willow-and-tara-in-buffy-the-vampire-slayer,LGBTQ Video Game Archive classification: lesbian:explicit. Source page: Willow and Tara in Buffy the Vampire Slayer.,,,,en,LGBTQ Video Game Archive,reviewed,high,,2026-08-22
220,Angof,Runescape,2001,,,,,unknown,unknown,other,not_recorded,gender_identity,explicit_in_game,confirmed,,,https://lgbtqgamearchive.com/2016/09/26/angof-in-runescape,LGBTQ Video Game Archive classification: transgender:explicit. Source page: Angof in RuneScape.,,,,en,LGBTQ Video Game Archive,reviewed,high,,2026-08-22
221,Carl/Quentin,Conker’s Bad Fur Day,2001,,,,,unknown,unknown,man,gay,sexual_orientation,not_explicit_in_game,ambiguous,,,https://lgbtqgamearchive.com/2016/05/25/carlquentin-in-conkers-bad-fur-day,LGBTQ Video Game Archive classification: gay:implicit. Source page: Carl/Quentin in Conker’s Bad Fur Day.,,,,en,LGBTQ Video Game Archive,reviewed,medium,,2026-08-22
222,CJ,Animal Crossing: New Horizons,2020,,,,,unknown,unknown,man,gay,sexual_orientation,not_explicit_in_game,ambiguous,,,https://lgbtqgamearchive.com/?p=12100,LGBTQ Video Game Archive classification: gay:implicit. Source page: CJ and Flick in Animal Crossing: New Horizons.,,,,en,LGBTQ Video Game Archive,reviewed,medium,,2026-08-22
223,Flick,Animal Crossing: New Horizons,2020,,,,,unknown,unknown,man,gay,sexual_orientation,not_explicit_in_game,ambiguous,,,https://lgbtqgamearchive.com/?p=12100,LGBTQ Video Game Archive classification: gay:implicit. Source page: CJ and Flick in Animal Crossing: New Horizons.,,,,en,LGBTQ Video Game Archive,reviewed,medium,,2026-08-22
224,Gerard,Shadow Hearts: From the New World,2005,,,,,unknown,unknown,man,gay,sexual_orientation,explicit_in_game,confirmed,,,https://lgbtqgamearchive.com/2015/11/13/gerard-magimel-and-buigen,LGBTQ Video Game Archive classification: gay:explicit. Source page: Gerard Magimel and Buigen.,,,,en,LGBTQ Video Game Archive,reviewed,high,,2026-08-22
225,Buigen in Shadow Hearts: From the New World,Shadow Hearts: From the New World,2005,,,,,unknown,unknown,man,gay,sexual_orientation,explicit_in_game,confirmed,,,https://lgbtqgamearchive.com/2015/11/13/gerard-magimel-and-buigen,LGBTQ Video Game Archive classification: gay:explicit. Source page: Gerard Magimel and Buigen.,,,,en,LGBTQ Video Game Archive,reviewed,high,,2026-08-22
226,Gracie,Animal Crossing: New Leaf,2012,,,,,unknown,unknown,trans_man,gay,sexual_orientation; gender_identity,not_explicit_in_game,ambiguous,,,https://lgbtqgamearchive.com/2018/01/15/gracie-in-animal-crossing-new-leaf,"LGBTQ Video Game Archive classification: gay:implicit, transgender:implicit. Source page: Gracie in Animal Crossing: New Leaf.",,,,en,LGBTQ Video Game Archive,reviewed,medium,,2026-08-22
227,Hana,Fear Effect 2:Retro Helix,2001,,,,,unknown,playable,woman,lesbian; bisexual,sexual_orientation,not_explicit_in_game,ambiguous,,,https://lgbtqgamearchive.com/2015/11/10/hana-and-rain-in-fear-effect-2-retro-helix,"LGBTQ Video Game Archive classification: lesbian:explicit, bisexual:explicit. Source page: Hana and Rain in Fear Effect 2: Retro Helix. Press Q records the orientation as ambiguous because the source describes it as rumored, implied, or not explicitly stated.",,,,en,LGBTQ Video Game Archive,reviewed,medium,,2026-08-22
228,Rain,Fear Effect 2:Retro Helix,2001,,,,,unknown,playable,woman,lesbian; bisexual,sexual_orientation,not_explicit_in_game,ambiguous,,,https://lgbtqgamearchive.com/2015/11/10/hana-and-rain-in-fear-effect-2-retro-helix,"LGBTQ Video Game Archive classification: lesbian:explicit, bisexual:explicit. Source page: Hana and Rain in Fear Effect 2: Retro Helix. Press Q records the orientation as ambiguous because the source describes it as rumored, implied, or not explicitly stated.",,,,en,LGBTQ Video Game Archive,reviewed,medium,,2026-08-22
229,Isabelle,Animal Crossing: New Leaf,2012,,,,,unknown,unknown,woman,bisexual,sexual_orientation,not_explicit_in_game,ambiguous,,,https://lgbtqgamearchive.com/2018/01/15/isabelle-in-animal-crossing-new-leaf,LGBTQ Video Game Archive classification: bisexual:implicit. Source page: Isabelle in Animal Crossing: New Leaf.,,,,en,LGBTQ Video Game Archive,reviewed,medium,,2026-08-22
230,Joachim Valentine,Shadow Hearts: Covenant,2004,,,,,unknown,unknown,man,gay,sexual_orientation,explicit_in_game,confirmed,,,https://lgbtqgamearchive.com/2015/11/13/joachim-valentine-in-shadow-hearts-covenant,LGBTQ Video Game Archive classification: gay:explicit. Source page: Joachim Valentine in Shadow Hearts: Covenant.,,,,en,LGBTQ Video Game Archive,reviewed,high,,2026-08-22
231,Gerard,Shadow Hearts: Covenant,2004,,,,,unknown,unknown,man,gay,sexual_orientation,explicit_in_game,confirmed,,,https://lgbtqgamearchive.com/2015/11/13/magimel-brothers-in-shadow-hearts-covenant,LGBTQ Video Game Archive classification: gay:explicit. Source page: Gerard and Pierre Magimel in Shadow Hearts: Covenant.,,,,en,LGBTQ Video Game Archive,reviewed,high,,2026-08-22
232,Pierre Magimel,Shadow Hearts: Covenant,2004,,,,,unknown,unknown,man,gay,sexual_orientation,explicit_in_game,confirmed,,,https://lgbtqgamearchive.com/2015/11/13/magimel-brothers-in-shadow-hearts-covenant,LGBTQ Video Game Archive classification: gay:explicit. Source page: Gerard and Pierre Magimel in Shadow Hearts: Covenant.,,,,en,LGBTQ Video Game Archive,reviewed,high,,2026-08-22
233,Meiyuan,Shadow Hearts,2001,,,,,unknown,unknown,man,gay,sexual_orientation,explicit_in_game,confirmed,,,https://lgbtqgamearchive.com/2015/11/13/meiyuan-in-shadow-hearts,LGBTQ Video Game Archive classification: gay:explicit. Source page: Meiyuan in Shadow Hearts.,,,,en,LGBTQ Video Game Archive,reviewed,high,,2026-08-22
234,Mud,Gothic,2001,,,,,unknown,unknown,man,gay,sexual_orientation,not_explicit_in_game,ambiguous,,,https://lgbtqgamearchive.com/2015/11/04/mud-in-gothic,LGBTQ Video Game Archive classification: gay:implicit. Source page: Mud in Gothic.,,,,en,LGBTQ Video Game Archive,reviewed,medium,,2026-08-22
235,Pete/Peta the Make-over Mage,Runescape,2001,,,,,unknown,unknown,non_binary,not_recorded,gender_identity,not_explicit_in_game,ambiguous,,,https://lgbtqgamearchive.com/2016/09/26/petepeta-the-make-over-mage-in-runescape,"LGBTQ Video Game Archive classification: transgender:implicit, non-binary or genderqueer:implicit. Source page: Pete/Peta the Make-over Mage in RuneScape.",,,,en,LGBTQ Video Game Archive,reviewed,medium,,2026-08-22
236,Saharah,Animal Crossing: New Leaf,2012,,,,,unknown,unknown,other,not_recorded,gender_identity,not_explicit_in_game,ambiguous,,,https://lgbtqgamearchive.com/2018/01/15/saharah-in-animal-crossing-new-leaf,LGBTQ Video Game Archive classification: transgender:implicit. Source page: Saharah in Animal Crossing: New Leaf.,,,,en,LGBTQ Video Game Archive,reviewed,medium,,2026-08-22
237,The Oracle,Runescape,2001,,,,,unknown,unknown,other,not_recorded,gender_identity,not_explicit_in_game,ambiguous,,,https://lgbtqgamearchive.com/2016/09/26/the-oracle-in-runescape,LGBTQ Video Game Archive classification: transgender:implicit. Source page: The Oracle in RuneScape.,,,,en,LGBTQ Video Game Archive,reviewed,medium,,2026-08-22
238,Wizard Jalarast,Runescape,2001,,,,,unknown,unknown,other,not_recorded,gender_identity,explicit_in_game,confirmed,,,https://lgbtqgamearchive.com/2016/09/26/wizard-jalarast-in-runescape,LGBTQ Video Game Archive classification: transgender:explicit. Source page: Wizard Jalarast in RuneScape.,,,,en,LGBTQ Video Game Archive,reviewed,high,,2026-08-22
239,Hairdresser Octopus,PaRappa the Rapper 2,2002,,,,,unknown,unknown,man,gay,sexual_orientation,not_explicit_in_game,ambiguous,,,https://lgbtqgamearchive.com/2016/08/30/hairdresser-octopus-in-parappa-the-rapper-2,LGBTQ Video Game Archive classification: gay:implicit. Source page: Hairdresser Octopus in PaRappa The Rapper 2.,,,,en,LGBTQ Video Game Archive,reviewed,medium,,2026-08-22
240,Scarlett,Divine Divinity: Dragon Commander,2013,,,,,unknown,unknown,woman,lesbian,sexual_orientation,explicit_in_game,confirmed,,,https://lgbtqgamearchive.com/2015/11/23/scarlett-in-divine-dragon-commander,LGBTQ Video Game Archive classification: lesbian:explicit. Source page: Scarlett in Divine: Dragon Commander.,,,,en,LGBTQ Video Game Archive,reviewed,high,,2026-08-22
241,Bertram,Temple of Elemental Evil,2003,,,,,unknown,unknown,man,gay,sexual_orientation,explicit_in_game,confirmed,,,https://lgbtqgamearchive.com/2015/11/20/bertram-in-temple-of-elemental-evil,LGBTQ Video Game Archive classification: gay:explicit. Source page: Bertram in Temple of Elemental Evil.,,,,en,LGBTQ Video Game Archive,reviewed,high,,2026-08-22
242,Juhani,Star Wars: Knights of the Old Republic,2003,,,,,unknown,unknown,woman,lesbian,sexual_orientation,explicit_in_game,confirmed,,,https://lgbtqgamearchive.com/2015/11/14/juhani-in-star-wars-knights-of-the-old-republic,LGBTQ Video Game Archive classification: lesbian:explicit. Source page: Juhani in Star Wars: Knights of the Old Republic.,,,,en,LGBTQ Video Game Archive,reviewed,high,,2026-08-22
243,Lionel,Deus Ex: Invisible War,2003,,,,,unknown,unknown,man,gay,sexual_orientation,explicit_in_game,confirmed,,,https://lgbtqgamearchive.com/2016/08/29/lionel-and-mark-finley-in-deus-ex-invisible-war,LGBTQ Video Game Archive classification: gay:explicit. Source page: Lionel and Mark Finley in Deus Ex: Invisible War.,,,,en,LGBTQ Video Game Archive,reviewed,high,,2026-08-22
244,Mark Finley,Deus Ex: Invisible War,2003,,,,,unknown,unknown,man,gay,sexual_orientation,explicit_in_game,confirmed,,,https://lgbtqgamearchive.com/2016/08/29/lionel-and-mark-finley-in-deus-ex-invisible-war,LGBTQ Video Game Archive classification: gay:explicit. Source page: Lionel and Mark Finley in Deus Ex: Invisible War.,,,,en,LGBTQ Video Game Archive,reviewed,high,,2026-08-22
245,Marian,Harvest Moon: The Tale of Two Towns,2010,,,,,unknown,unknown,man,gay,sexual_orientation,explicit_in_game,confirmed,,,https://lgbtqgamearchive.com/2015/09/03/marian-in-story-of-seasons,LGBTQ Video Game Archive classification: gay:explicit. Source page: Marian in Story of Seasons.,,,,en,LGBTQ Video Game Archive,reviewed,high,,2026-08-22
246,Tornado Tonion,Mega Man X7,2003,,,,,unknown,unknown,man,gay,sexual_orientation,not_explicit_in_game,ambiguous,,,https://lgbtqgamearchive.com/2016/08/30/tornado-tonion-in-mega-man-x7,LGBTQ Video Game Archive classification: gay:implicit. Source page: Tornado Tonion in Mega Man X7.,,,,en,LGBTQ Video Game Archive,reviewed,medium,,2026-08-22
247,Tomoya Okazaki,Clannad,2004,,,,,unknown,unknown,man,gay,sexual_orientation,not_explicit_in_game,ambiguous,,,https://lgbtqgamearchive.com/2016/07/27/bad-ending-with-tomoya-okazaki-and-youhei-sunohara-in-clannad,LGBTQ Video Game Archive classification: gay:implicit. Source page: “Bad Ending” with Tomoya Okazaki and Youhei Sunohara in Clannad. Press Q does not assign one fixed orientation to every person in an optional pair from a shared relationship page.,,,,en,LGBTQ Video Game Archive,reviewed,medium,,2026-08-22
248,Youhei Sunohara,Clannad,2004,,,,,unknown,unknown,man,gay,sexual_orientation,not_explicit_in_game,ambiguous,,,https://lgbtqgamearchive.com/2016/07/27/bad-ending-with-tomoya-okazaki-and-youhei-sunohara-in-clannad,LGBTQ Video Game Archive classification: gay:implicit. Source page: “Bad Ending” with Tomoya Okazaki and Youhei Sunohara in Clannad. Press Q does not assign one fixed orientation to every person in an optional pair from a shared relationship page.,,,,en,LGBTQ Video Game Archive,reviewed,medium,,2026-08-22
249,Jean Armstrong,Phoenix Wright: Ace Attorney Trials and Tribulations,2004,,,,,unknown,unknown,man,gay,sexual_orientation,explicit_in_game,confirmed,,,https://lgbtqgamearchive.com/2016/05/25/jean-armstrong-in-phoenix-wright-ace-attorney-trials-and-tribulations,LGBTQ Video Game Archive classification: gay:explicit. Source page: Jean Armstrong in Phoenix Wright: Ace Attorney – Trials and Tribulations.,,,,en,LGBTQ Video Game Archive,reviewed,high,,2026-08-22
250,Pisha,Vampire: The Masquerade- Bloodlines,2004,,,,,unknown,unknown,woman,lesbian,sexual_orientation,explicit_in_game,confirmed,,,https://lgbtqgamearchive.com/2015/11/21/pisha-in-vampire-the-masquerade-bloodlines,LGBTQ Video Game Archive classification: lesbian:explicit. Source page: Pisha in Vampire the Masquerade: Bloodlines.,,,,en,LGBTQ Video Game Archive,reviewed,high,,2026-08-22
251,Reaver,Fable II,2008,,,,,unknown,unknown,man,bisexual,sexual_orientation,explicit_in_game,confirmed,,,https://lgbtqgamearchive.com/2015/08/28/reaver-in-fable-series,LGBTQ Video Game Archive classification: bisexual:explicit. Source page: Reaver in Fable series.,,,,en,LGBTQ Video Game Archive,reviewed,high,,2026-08-22
252,Dr. N Gin,Crash Tag Team Racing,2005,,,,,unknown,playable,man,gay,sexual_orientation,not_explicit_in_game,ambiguous,,,https://lgbtqgamearchive.com/2016/08/29/dr-n-gin-in-crash-tag-team-racing,LGBTQ Video Game Archive classification: gay:implicit. Source page: Dr. N Gin in Crash Tag Team Racing.,,,,en,LGBTQ Video Game Archive,reviewed,medium,,2026-08-22
253,Jun Watarase,Happiness,2005,,,,,unknown,unknown,other,not_recorded,gender_identity,explicit_in_game,confirmed,,,https://lgbtqgamearchive.com/2016/09/26/jun-watarase-in-happiness-visual-novel,LGBTQ Video Game Archive classification: transgender:explicit. Source page: Jun Watarase in Happiness! (Visual Novel).,,,,en,LGBTQ Video Game Archive,reviewed,high,,2026-08-22
254,Kaidala,Neverwinter Nights: Kingmaker,2005,,,,,unknown,unknown,woman,bisexual,sexual_orientation,explicit_in_game,confirmed,,,https://lgbtqgamearchive.com/2016/08/30/kaidala-in-neverwinter-nights-kingmaker,LGBTQ Video Game Archive classification: bisexual:explicit. Source page: Kaidala in Neverwinter Nights: Kingmaker.,,,,en,LGBTQ Video Game Archive,reviewed,high,,2026-08-22
255,Kasumi Kurasawa,A Midsummer Day’s Resonance,2005,,,,,unknown,unknown,woman,lesbian,sexual_orientation,not_explicit_in_game,ambiguous,,,https://lgbtqgamearchive.com/2016/07/18/kasumi-kurasawa-in-a-midsummer-days-resonance,LGBTQ Video Game Archive classification: lesbian:implicit. Source page: Kasumi Kurasawa in A Midsummer Day’s Resonance.,,,,en,LGBTQ Video Game Archive,reviewed,medium,,2026-08-22
256,Tommy,Indigo Prophecy/Fahrenheit,2005,,,,,unknown,unknown,man,gay,sexual_orientation,explicit_in_game,confirmed,,,https://lgbtqgamearchive.com/2015/11/11/tommy-in-indigo-prophecyfahrenheit,LGBTQ Video Game Archive classification: gay:explicit. Source page: Tommy in Indigo Prophecy/Fahrenheit.,,,,en,LGBTQ Video Game Archive,reviewed,high,,2026-08-22
257,Yaha,Drakengard 2,2005,,,,,unknown,unknown,man,bisexual; asexual,sexual_orientation,not_explicit_in_game,ambiguous,,,https://lgbtqgamearchive.com/2016/08/30/yaha-in-drakengard-2,"LGBTQ Video Game Archive classification: bisexual:implicit, asexual:implicit. Source page: Yaha in Drakengard 2.",,,,en,LGBTQ Video Game Archive,reviewed,medium,,2026-08-22
258,Eater,Blaze Union,2010,,,,,unknown,unknown,non_binary,not_recorded,gender_identity,explicit_in_game,confirmed,,,https://lgbtqgamearchive.com/2015/11/21/eater-in-blaze-union,LGBTQ Video Game Archive classification: non-binary or genderqueer:explicit. Source page: Eater in Blaze Union.,,,,en,LGBTQ Video Game Archive,reviewed,high,,2026-08-22
259,Garlot,Blaze Union,2010,,,,,unknown,unknown,man,bisexual,sexual_orientation,not_explicit_in_game,ambiguous,,,https://lgbtqgamearchive.com/2015/11/21/garlot-in-blaze-union,LGBTQ Video Game Archive classification: bisexual:implicit. Source page: Garlot in Blaze Union.,,,,en,LGBTQ Video Game Archive,reviewed,medium,,2026-08-22
260,Kyra,Gloria Union,2011,,,,,unknown,unknown,non_binary,not_recorded,gender_identity,explicit_in_game,confirmed,,,https://lgbtqgamearchive.com/2015/11/21/kyra-in-gloria-union,LGBTQ Video Game Archive classification: non-binary or genderqueer:explicit. Source page: Kyra in Gloria Union.,,,,en,LGBTQ Video Game Archive,reviewed,high,,2026-08-22
261,Makoto,Enchanted Arms,2006,,,,,unknown,unknown,man,gay,sexual_orientation,explicit_in_game,confirmed,,,https://lgbtqgamearchive.com/2015/11/10/makoto-in-enchanted-arms,LGBTQ Video Game Archive classification: gay:explicit. Source page: Makoto in Enchanted Arms.,,,,en,LGBTQ Video Game Archive,reviewed,high,,2026-08-22
262,Wendy,Rule of Rose,2006,,,,,unknown,unknown,woman,lesbian,sexual_orientation,not_explicit_in_game,ambiguous,,,https://lgbtqgamearchive.com/2018/01/12/wendy-in-rule-of-rose,LGBTQ Video Game Archive classification: lesbian:implicit. Source page: Wendy in Rule of Rose.,,,,en,LGBTQ Video Game Archive,reviewed,medium,,2026-08-22
263,Zilva,Yggdra Union,2006,,,,,unknown,unknown,woman,lesbian,sexual_orientation,not_explicit_in_game,ambiguous,,,https://lgbtqgamearchive.com/2015/11/21/zilva-and-elena-in-yggdra-union,LGBTQ Video Game Archive classification: lesbian:implicit. Source page: Zilva and Elena in Yggdra Union.,,,,en,LGBTQ Video Game Archive,reviewed,medium,,2026-08-22
264,Elena,Yggdra Union,2006,,,,,unknown,unknown,woman,lesbian,sexual_orientation,not_explicit_in_game,ambiguous,,,https://lgbtqgamearchive.com/2015/11/21/zilva-and-elena-in-yggdra-union,LGBTQ Video Game Archive classification: lesbian:implicit. Source page: Zilva and Elena in Yggdra Union.,,,,en,LGBTQ Video Game Archive,reviewed,medium,,2026-08-22
265,Abigail Black,Clive Barker’s Jericho,2007,,,,,unknown,playable,woman,lesbian,sexual_orientation,explicit_in_game,confirmed,,,https://lgbtqgamearchive.com/2016/07/27/abigail-black-in-clive-barkers-jericho,LGBTQ Video Game Archive classification: lesbian:explicit. Source page: Abigail Black in Clive Barker’s Jericho.,,,,en,LGBTQ Video Game Archive,reviewed,high,,2026-08-22
266,Steve Cortez,Mass Effect 3,2012,,,,,unknown,unknown,man,gay,sexual_orientation,explicit_in_game,confirmed,,,https://lgbtqgamearchive.com/2015/10/30/alliance-pilot-steve-cortez-mass-effect-3,LGBTQ Video Game Archive classification: gay:explicit. Source page: Alliance Pilot Steve Cortez in Mass Effect 3.,,,,en,LGBTQ Video Game Archive,reviewed,high,,2026-08-22
267,Samantha Traynor,Mass Effect 3,2012,,,,,unknown,unknown,woman,lesbian,sexual_orientation,explicit_in_game,confirmed,,,https://lgbtqgamearchive.com/2015/10/30/comm-specialist-samantha-traynor-mass-effect-3,"LGBTQ Video Game Archive classification: lesbian:explicit. Source page: Comm Specialist, Samantha Traynor in Mass Effect 3.",,,,en,LGBTQ Video Game Archive,reviewed,high,,2026-08-22
268,Joshua,The World Ends With You,2007,,,,,unknown,unknown,man,gay,sexual_orientation,not_explicit_in_game,ambiguous,,,https://lgbtqgamearchive.com/2018/01/12/joshua-in-the-world-ends-with-you,LGBTQ Video Game Archive classification: gay:implicit. Source page: Joshua in The World Ends With You.,,,,en,LGBTQ Video Game Archive,reviewed,medium,,2026-08-22
269,Lieutenant-Commander Kaidan Alenko,Mass Effect 3,2012,,,,,unknown,unknown,man,bisexual,sexual_orientation,explicit_in_game,confirmed,,,https://lgbtqgamearchive.com/2015/10/30/lieutenant-commander-kaidan-alenko,LGBTQ Video Game Archive classification: bisexual:explicit. Source page: Lieutenant-Commander Kaidan Alenko in Mass Effect Series.,,,,en,LGBTQ Video Game Archive,reviewed,high,,2026-08-22
270,Lucy,Fatal Hearts,2007,,,,,unknown,unknown,woman,lesbian,sexual_orientation,not_explicit_in_game,ambiguous,,,https://lgbtqgamearchive.com/2016/05/25/lucy-and-christina-in-fatal-hearts,LGBTQ Video Game Archive classification: lesbian:explicit. Source page: Lucy and Christina in Fatal Hearts. Press Q does not assign one fixed orientation to every person in an optional pair from a shared relationship page.,,,,en,LGBTQ Video Game Archive,reviewed,medium,,2026-08-22
271,Christina,Fatal Hearts,2007,,,,,unknown,unknown,woman,lesbian,sexual_orientation,not_explicit_in_game,ambiguous,,,https://lgbtqgamearchive.com/2016/05/25/lucy-and-christina-in-fatal-hearts,LGBTQ Video Game Archive classification: lesbian:explicit. Source page: Lucy and Christina in Fatal Hearts. Press Q does not assign one fixed orientation to every person in an optional pair from a shared relationship page.,,,,en,LGBTQ Video Game Archive,reviewed,medium,,2026-08-22
272,Nyren Kandros,Mass Effect 3,2012,,,,,unknown,unknown,woman,lesbian; bisexual,sexual_orientation,not_explicit_in_game,ambiguous,,,https://lgbtqgamearchive.com/2015/10/30/nyreen-kandros-mass-effect-3-omega-dlc,"LGBTQ Video Game Archive classification: lesbian:implicit, bisexual:implicit. Source page: Nyreen Kandros, Mass Effect 3 – Omega DLC.",,,,en,LGBTQ Video Game Archive,reviewed,medium,,2026-08-22
273,Sander Cohen,BioShock,2007,,,,,unknown,unknown,man,gay,sexual_orientation,not_explicit_in_game,ambiguous,,,https://lgbtqgamearchive.com/2015/11/24/sander-cohen-in-bioshock,LGBTQ Video Game Archive classification: gay:implicit. Source page: Sander Cohen in BioShock.,,,,en,LGBTQ Video Game Archive,reviewed,medium,,2026-08-22
274,Simone Cole,Clive Barker’s Jericho,2007,,,,,unknown,playable,woman,lesbian,sexual_orientation,not_explicit_in_game,ambiguous,,,https://lgbtqgamearchive.com/2016/07/27/simone-cole-in-clive-barkers-jericho,LGBTQ Video Game Archive classification: lesbian:implicit. Source page: Simone Cole in Clive Barker’s Jericho.,,,,en,LGBTQ Video Game Archive,reviewed,medium,,2026-08-22
275,Ebele,Heileen 2: The Hands of Fate,2009,,,,,unknown,unknown,woman,bisexual,sexual_orientation,explicit_in_game,confirmed,,,https://lgbtqgamearchive.com/2017/02/12/ebele-in-heileen-2-the-hands-of-fate,LGBTQ Video Game Archive classification: bisexual:explicit. Source page: Ebele in Heileen 2: The Hands of Fate.,,,,en,LGBTQ Video Game Archive,reviewed,high,,2026-08-22
276,Heileen,Heileen: Sail Away,2008,,,,,unknown,playable,woman,bisexual,sexual_orientation,not_explicit_in_game,ambiguous,,,https://lgbtqgamearchive.com/2017/02/12/heileen-in-heileen-sail-away,LGBTQ Video Game Archive classification: bisexual:implicit. Source page: Heileen in Heileen: Sail Away.,,,,en,LGBTQ Video Game Archive,reviewed,medium,,2026-08-22
277,Juliet,Heileen 3,2012,,,,,unknown,unknown,woman,bisexual,sexual_orientation,explicit_in_game,confirmed,,,https://lgbtqgamearchive.com/2017/02/12/juliet-in-heileen-3-new-horizonssea-maidens,LGBTQ Video Game Archive classification: bisexual:explicit. Source page: Juliet in Heileen 3: New Horizons/Sea Maidens.,,,,en,LGBTQ Video Game Archive,reviewed,high,,2026-08-22
278,Lora,Heileen: Sail Away,2008,,,,,unknown,unknown,woman,bisexual,sexual_orientation,explicit_in_game,confirmed,,,https://lgbtqgamearchive.com/2017/02/12/lora-in-heileen-sail-away,LGBTQ Video Game Archive classification: bisexual:explicit. Source page: Lora in Heileen: Sail Away.,,,,en,LGBTQ Video Game Archive,reviewed,high,,2026-08-22
279,Marie,Heileen: Sail Away,2008,,,,,unknown,unknown,woman,bisexual,sexual_orientation,explicit_in_game,confirmed,,,https://lgbtqgamearchive.com/2017/02/12/marie-in-heileen-sail-away,LGBTQ Video Game Archive classification: bisexual:explicit. Source page: Marie in Heileen: Sail Away.,,,,en,LGBTQ Video Game Archive,reviewed,high,,2026-08-22
280,Roley the Hairdresser,Magician’s Quest: Mysterious Times,2008,,,,,unknown,unknown,man,gay,sexual_orientation,explicit_in_game,confirmed,,,https://lgbtqgamearchive.com/2017/02/12/roley-the-hairdresser-in-magicians-quest-mysterious-times,LGBTQ Video Game Archive classification: gay:explicit. Source page: Roley the Hairdresser in Magician’s Quest: Mysterious Times.,,,,en,LGBTQ Video Game Archive,reviewed,high,,2026-08-22
281,Athena,Borderlands,2009,,,,,unknown,playable,woman,lesbian,sexual_orientation,explicit_in_game,confirmed,,,https://lgbtqgamearchive.com/2018/06/19/athena-and-janey-in-borderlands-the-pre-sequel,LGBTQ Video Game Archive classification: lesbian:explicit. Source page: Athena and Janey in Borderlands: The Pre-Sequel!.,,,,en,LGBTQ Video Game Archive,reviewed,high,,2026-08-22
282,Janey,Borderlands,2009,,,,,unknown,playable,woman,lesbian,sexual_orientation,explicit_in_game,confirmed,,,https://lgbtqgamearchive.com/2018/06/19/athena-and-janey-in-borderlands-the-pre-sequel,LGBTQ Video Game Archive classification: lesbian:explicit. Source page: Athena and Janey in Borderlands: The Pre-Sequel!.,,,,en,LGBTQ Video Game Archive,reviewed,high,,2026-08-22
283,Axton,Borderlands 2,2012,,,,,unknown,playable,man,bisexual,sexual_orientation,not_explicit_in_game,ambiguous,,,https://lgbtqgamearchive.com/2018/06/15/axton-in-borderlands-2,LGBTQ Video Game Archive classification: bisexual:implicit. Source page: Axton in Borderlands 2.,,,,en,LGBTQ Video Game Archive,reviewed,medium,,2026-08-22
284,Brick,Borderlands,2009,,,,,unknown,playable,man,gay,sexual_orientation,not_explicit_in_game,ambiguous,,,https://lgbtqgamearchive.com/2018/06/07/brick-in-borderlands,LGBTQ Video Game Archive classification: gay:implicit. Source page: Brick in Borderlands.,,,,en,LGBTQ Video Game Archive,reviewed,medium,,2026-08-22
285,Cremisius (Krem) Aclassi,Dragon Age: Inquisition,2014,,,,,unknown,unknown,other,not_recorded,gender_identity,explicit_in_game,confirmed,,,https://lgbtqgamearchive.com/2015/09/10/cremisius-krem-aclassi-in-dragon-age-inquisition,LGBTQ Video Game Archive classification: transgender:explicit. Source page: Cremisius (Krem) Aclassi in Dragon Age: Inquisition.,,,,en,LGBTQ Video Game Archive,reviewed,high,,2026-08-22
286,Empress Celene,Dragon Age: Inquisition,2014,,,,,unknown,unknown,woman,lesbian,sexual_orientation,explicit_in_game,confirmed,,,https://lgbtqgamearchive.com/2015/11/21/empress-celene-and-briala-from-dragon-age-inquisition,LGBTQ Video Game Archive classification: lesbian:explicit. Source page: Empress Celene and Briala from Dragon Age: Inquisition.,,,,en,LGBTQ Video Game Archive,reviewed,high,,2026-08-22
287,Briala,Dragon Age: Inquisition,2014,,,,,unknown,unknown,woman,lesbian,sexual_orientation,explicit_in_game,confirmed,,,https://lgbtqgamearchive.com/2015/11/21/empress-celene-and-briala-from-dragon-age-inquisition,LGBTQ Video Game Archive classification: lesbian:explicit. Source page: Empress Celene and Briala from Dragon Age: Inquisition.,,,,en,LGBTQ Video Game Archive,reviewed,high,,2026-08-22
288,Herren,Dragon Age: Origins,2009,,,,,unknown,unknown,man,gay,sexual_orientation,not_explicit_in_game,ambiguous,,,https://lgbtqgamearchive.com/2015/09/10/herren-and-wade-in-dragon-age-origins,LGBTQ Video Game Archive classification: gay:implicit. Source page: Herren and Wade in Dragon Age: Origins.,,,,en,LGBTQ Video Game Archive,reviewed,medium,,2026-08-22
289,Wade,Dragon Age: Origins,2009,,,,,unknown,unknown,man,gay,sexual_orientation,not_explicit_in_game,ambiguous,,,https://lgbtqgamearchive.com/2015/09/10/herren-and-wade-in-dragon-age-origins,LGBTQ Video Game Archive classification: gay:implicit. Source page: Herren and Wade in Dragon Age: Origins.,,,,en,LGBTQ Video Game Archive,reviewed,medium,,2026-08-22
290,Hespith,Dragon Age: Origins,2009,,,,,unknown,unknown,woman,lesbian,sexual_orientation,explicit_in_game,confirmed,,,https://lgbtqgamearchive.com/2015/09/10/hespith-and-branka-in-dragon-age-origins,LGBTQ Video Game Archive classification: lesbian:explicit. Source page: Hespith and Branka in Dragon Age: Origins.,,,,en,LGBTQ Video Game Archive,reviewed,high,,2026-08-22
291,Branka,Dragon Age: Origins,2009,,,,,unknown,unknown,woman,lesbian,sexual_orientation,explicit_in_game,confirmed,,,https://lgbtqgamearchive.com/2015/09/10/hespith-and-branka-in-dragon-age-origins,LGBTQ Video Game Archive classification: lesbian:explicit. Source page: Hespith and Branka in Dragon Age: Origins.,,,,en,LGBTQ Video Game Archive,reviewed,high,,2026-08-22
292,Mad Moxxi,Borderlands,2009,,,,,unknown,unknown,woman,bisexual,sexual_orientation,explicit_in_game,confirmed,,,https://lgbtqgamearchive.com/2018/06/07/mad-moxxi-in-borderlands,LGBTQ Video Game Archive classification: bisexual:explicit. Source page: Mad Moxxi in Borderlands.,,,,en,LGBTQ Video Game Archive,reviewed,high,,2026-08-22
293,Maevaris Tilani,Heroes of Dragon Age,2013,,,,,unknown,unknown,other,not_recorded,gender_identity,not_explicit_in_game,ambiguous,,,https://lgbtqgamearchive.com/2015/09/10/maevaris-tilani-in-dragon-age,LGBTQ Video Game Archive classification: transgender:implicit. Source page: Maevaris Tilani in Dragon Age.,,,,en,LGBTQ Video Game Archive,reviewed,medium,,2026-08-22
294,Maya,Borderlands 2,2012,,,,,unknown,playable,woman,asexual,sexual_orientation,not_explicit_in_game,ambiguous,,,https://lgbtqgamearchive.com/2018/06/15/maya-in-borderlands-2,LGBTQ Video Game Archive classification: asexual:implicit. Source page: Maya in Borderlands 2.,,,,en,LGBTQ Video Game Archive,reviewed,medium,,2026-08-22
295,Motor Momma,Borderlands 2,2012,,,,,unknown,unknown,woman,lesbian,sexual_orientation,explicit_in_game,confirmed,,,https://lgbtqgamearchive.com/2018/06/15/motor-momma-in-borderlands-2,LGBTQ Video Game Archive classification: lesbian:explicit. Source page: Motor Momma in Borderlands 2.,,,,en,LGBTQ Video Game Archive,reviewed,high,,2026-08-22
296,Mr. Shank,Borderlands,2009,,,,,unknown,unknown,man,gay; bisexual,sexual_orientation,not_explicit_in_game,ambiguous,,,https://lgbtqgamearchive.com/2018/06/07/mr-shank-and-chaz-in-borderlands,"LGBTQ Video Game Archive classification: gay:implicit, bisexual:implicit. Source page: Mr. Shank and Chaz in Borderlands.",,,,en,LGBTQ Video Game Archive,reviewed,medium,,2026-08-22
297,Chaz,Borderlands,2009,,,,,unknown,unknown,man,gay; bisexual,sexual_orientation,not_explicit_in_game,ambiguous,,,https://lgbtqgamearchive.com/2018/06/07/mr-shank-and-chaz-in-borderlands,"LGBTQ Video Game Archive classification: gay:implicit, bisexual:implicit. Source page: Mr. Shank and Chaz in Borderlands.",,,,en,LGBTQ Video Game Archive,reviewed,medium,,2026-08-22
298,Mr. Torgue,Borderlands 2,2012,,,,,unknown,unknown,man,bisexual,sexual_orientation,explicit_in_game,confirmed,,,https://lgbtqgamearchive.com/2018/06/15/mr-torgue-in-borderlands-2,LGBTQ Video Game Archive classification: bisexual:explicit. Source page: Mr. Torgue in Borderlands 2.,,,,en,LGBTQ Video Game Archive,reviewed,high,,2026-08-22
299,Patricia Tannis,Borderlands,2009,,,,,unknown,unknown,woman,bisexual,sexual_orientation,not_explicit_in_game,ambiguous,,,https://lgbtqgamearchive.com/2018/06/07/patricia-tannis-in-borderlands,LGBTQ Video Game Archive classification: bisexual:implicit. Source page: Patricia Tannis in Borderlands.,,,,en,LGBTQ Video Game Archive,reviewed,medium,,2026-08-22
300,Professor Nakayama,Borderlands,2009,,,,,unknown,unknown,man,gay,sexual_orientation,explicit_in_game,confirmed,,,https://lgbtqgamearchive.com/2018/06/19/professor-nakayama-in-borderlands-the-pre-sequel,LGBTQ Video Game Archive classification: gay:explicit. Source page: Professor Nakayama in Borderlands: The Pre-Sequel!.,,,,en,LGBTQ Video Game Archive,reviewed,high,,2026-08-22
301,Reginald Van Winslow,Tales of Monkey Island,2009,,,,,unknown,unknown,non_binary,bisexual,sexual_orientation; gender_identity,not_explicit_in_game,ambiguous,,,https://lgbtqgamearchive.com/2016/05/25/reginald-van-winslow-and-anemone-in-tales-of-monkey-island,"LGBTQ Video Game Archive classification: bisexual:implicit, non-binary or genderqueer:implicit. Source page: Reginald Van Winslow and Anemone in Tales of Monkey Island.",,,,en,LGBTQ Video Game Archive,reviewed,medium,,2026-08-22
302,Anemone,Tales of Monkey Island,2009,,,,,unknown,unknown,non_binary,bisexual,sexual_orientation; gender_identity,not_explicit_in_game,ambiguous,,,https://lgbtqgamearchive.com/2016/05/25/reginald-van-winslow-and-anemone-in-tales-of-monkey-island,"LGBTQ Video Game Archive classification: bisexual:implicit, non-binary or genderqueer:implicit. Source page: Reginald Van Winslow and Anemone in Tales of Monkey Island.",,,,en,LGBTQ Video Game Archive,reviewed,medium,,2026-08-22
303,Rinne,Anaheim Girl’s Love Story,2009,,,,,unknown,unknown,woman,lesbian,sexual_orientation,explicit_in_game,confirmed,,,https://lgbtqgamearchive.com/2016/07/18/rinne-and-sophie-in-anaheim-girls-love-story,LGBTQ Video Game Archive classification: lesbian:explicit. Source page: Rinne and Sophie in Anaheim Girl’s Love Story.,,,,en,LGBTQ Video Game Archive,reviewed,high,,2026-08-22
304,Sophie,Anaheim Girl’s Love Story,2009,,,,,unknown,unknown,woman,lesbian,sexual_orientation,explicit_in_game,confirmed,,,https://lgbtqgamearchive.com/2016/07/18/rinne-and-sophie-in-anaheim-girls-love-story,LGBTQ Video Game Archive classification: lesbian:explicit. Source page: Rinne and Sophie in Anaheim Girl’s Love Story.,,,,en,LGBTQ Video Game Archive,reviewed,high,,2026-08-22
305,Rose Yin,Borderlands,2009,,,,,unknown,unknown,woman,lesbian,sexual_orientation,explicit_in_game,confirmed,,,https://lgbtqgamearchive.com/2018/06/19/rose-yin-in-borderlands-the-pre-sequel,LGBTQ Video Game Archive classification: lesbian:explicit. Source page: Rose Yin in Borderlands: The Pre-Sequel!.,,,,en,LGBTQ Video Game Archive,reviewed,high,,2026-08-22
306,Sir Hammerlock,Borderlands 2,2012,,,,,unknown,unknown,man,gay,sexual_orientation,explicit_in_game,confirmed,,,https://lgbtqgamearchive.com/2018/06/15/sir-hammerlock-in-borderlands-2,LGBTQ Video Game Archive classification: gay:explicit. Source page: Sir Hammerlock in Borderlands 2.,,,,en,LGBTQ Video Game Archive,reviewed,high,,2026-08-22
307,Tiny Tina,Borderlands 2,2012,,,,,unknown,unknown,woman,lesbian,sexual_orientation,explicit_in_game,confirmed,,,https://lgbtqgamearchive.com/2018/06/15/tiny-tina-in-borderlands-2,LGBTQ Video Game Archive classification: lesbian:explicit. Source page: Tiny Tina in Borderlands 2.,,,,en,LGBTQ Video Game Archive,reviewed,high,,2026-08-22
308,Varus,League of Legends,2009,,,,,unknown,unknown,man,gay,sexual_orientation,explicit_in_game,confirmed,,,https://lgbtqgamearchive.com/2019/07/24/varus,LGBTQ Video Game Archive classification: gay:explicit. Source page: Varus in League of Legends.,,,,en,LGBTQ Video Game Archive,reviewed,high,,2026-08-22
309,Zer0,Borderlands 2,2012,,,,,unknown,playable,non_binary,not_recorded,gender_identity,not_explicit_in_game,ambiguous,,,https://lgbtqgamearchive.com/2018/06/15/zer0-in-borderlands-2,LGBTQ Video Game Archive classification: non-binary or genderqueer:implicit. Source page: Zer0 in Borderlands 2.,,,,en,LGBTQ Video Game Archive,reviewed,medium,,2026-08-22
310,11B,NieR: Automata,2017,,,,,unknown,unknown,woman,lesbian,sexual_orientation,explicit_in_game,confirmed,,,https://lgbtqgamearchive.com/2021/07/09/11b-and-16d-in-nier-automata,LGBTQ Video Game Archive classification: lesbian:explicit. Source page: 11B and 16D in NieR Automata.,,,,en,LGBTQ Video Game Archive,reviewed,high,,2026-08-22
311,16D,NieR: Automata,2017,,,,,unknown,unknown,woman,lesbian,sexual_orientation,explicit_in_game,confirmed,,,https://lgbtqgamearchive.com/2021/07/09/11b-and-16d-in-nier-automata,LGBTQ Video Game Archive classification: lesbian:explicit. Source page: 11B and 16D in NieR Automata.,,,,en,LGBTQ Video Game Archive,reviewed,high,,2026-08-22
312,Bartender,Resonance of Fate,2010,,,,,unknown,unknown,man,gay,sexual_orientation,explicit_in_game,confirmed,,,https://lgbtqgamearchive.com/2016/06/24/bartender-in-resonance-of-fate,LGBTQ Video Game Archive classification: gay:explicit. Source page: Bartender in Resonance of Fate.,,,,en,LGBTQ Video Game Archive,reviewed,high,,2026-08-22
313,Emil,Nier,2010,,,,,unknown,unknown,man,gay,sexual_orientation,explicit_in_game,confirmed,,,https://lgbtqgamearchive.com/2018/07/09/emil-in-nier,LGBTQ Video Game Archive classification: gay:explicit. Source page: Emil in NieR.,,,,en,LGBTQ Video Game Archive,reviewed,high,,2026-08-22
314,Genocide Jack/Jill and Toko,Danganronpa: Trigger Happy Havoc,2010,,,,,unknown,unknown,woman,bisexual,sexual_orientation,not_explicit_in_game,ambiguous,,,https://lgbtqgamearchive.com/?p=10395,LGBTQ Video Game Archive classification: bisexual:implicit. Source page: Genocide Jack/Jill and Toko in Danganronpa: Trigger Happy Havoc.,,,,en,LGBTQ Video Game Archive,reviewed,medium,,2026-08-22
315,Kainé,Nier,2010,,,,,unknown,unknown,not_recorded,not_recorded,intersex_variation,explicit_in_game,confirmed,,,https://lgbtqgamearchive.com/2016/06/24/kaine-in-nier,LGBTQ Video Game Archive classification: intersex:explicit. Source page: Kainé in Nier.,,,,en,LGBTQ Video Game Archive,reviewed,high,,2026-08-22
316,Kokichi Oma,Danganronpa V3: Killing Harmony,2017,,,,,unknown,unknown,man,gay,sexual_orientation,explicit_in_game,confirmed,,,https://lgbtqgamearchive.com/2020/02/07/kokichi-oma-in-danganronpa-v3-killing-harmony,LGBTQ Video Game Archive classification: gay:explicit. Source page: Kokichi Oma in Danganronpa V3: Killing Harmony.,,,,en,LGBTQ Video Game Archive,reviewed,high,,2026-08-22
317,Makoto Nanaya,BlazBlue: Continuum Shift II,2010,,,,,unknown,playable,woman,bisexual,sexual_orientation,not_explicit_in_game,ambiguous,,,https://lgbtqgamearchive.com/2017/03/21/makoto-nanaya-in-blazblue,LGBTQ Video Game Archive classification: bisexual:implicit. Source page: Makoto Nanaya in Blazblue.,,,,en,LGBTQ Video Game Archive,reviewed,medium,,2026-08-22
318,Mikan Tsumiki,Danganronpa 2: Goodbye Despair,2012,,,,,unknown,unknown,woman,lesbian,sexual_orientation,explicit_in_game,confirmed,,,https://lgbtqgamearchive.com/2020/01/31/mikan-tsumiki-in-danganronpa-2-goodbye-despair,LGBTQ Video Game Archive classification: lesbian:explicit. Source page: Mikan Tsumiki in Danganronpa 2: Goodbye Despair.,,,,en,LGBTQ Video Game Archive,reviewed,high,,2026-08-22
319,Monokuma,Danganronpa: Trigger Happy Havoc,2010,,,,,unknown,unknown,non_binary,not_recorded,gender_identity,not_explicit_in_game,ambiguous,,,https://lgbtqgamearchive.com/?p=10404,LGBTQ Video Game Archive classification: non-binary or genderqueer:implicit. Source page: Monokuma in Danganronpa: Trigger Happy Havoc.,,,,en,LGBTQ Video Game Archive,reviewed,medium,,2026-08-22
320,Operator 6O,NieR: Automata,2017,,,,,unknown,unknown,woman,lesbian,sexual_orientation,explicit_in_game,confirmed,,,https://lgbtqgamearchive.com/2018/07/09/operator-60-in-nier-automata,LGBTQ Video Game Archive classification: lesbian:explicit. Source page: Operator 6O in NieR Automata.,,,,en,LGBTQ Video Game Archive,reviewed,high,,2026-08-22
321,Pater,Resonance of Fate,2010,,,,,unknown,unknown,man,bisexual,sexual_orientation,not_explicit_in_game,ambiguous,,,https://lgbtqgamearchive.com/2016/06/24/pater-in-resonance-of-fate,LGBTQ Video Game Archive classification: bisexual:implicit. Source page: Pater in Resonance of Fate.,,,,en,LGBTQ Video Game Archive,reviewed,medium,,2026-08-22
322,Quique Montemayor,Red Dead Redemption,2010,,,,,unknown,unknown,man,gay; bisexual,sexual_orientation,not_explicit_in_game,ambiguous,,,https://lgbtqgamearchive.com/2016/06/24/quique-montemayor-and-captain-vincente-de-santa-in-red-dead-redemption,"LGBTQ Video Game Archive classification: gay:implicit, bisexual:implicit. Source page: Quique Montemayor and Captain Vincente de Santa in Red Dead Redemption.",,,,en,LGBTQ Video Game Archive,reviewed,medium,,2026-08-22
323,Captain Vincente de Santa,Red Dead Redemption,2010,,,,,unknown,unknown,man,gay; bisexual,sexual_orientation,not_explicit_in_game,ambiguous,,,https://lgbtqgamearchive.com/2016/06/24/quique-montemayor-and-captain-vincente-de-santa-in-red-dead-redemption,"LGBTQ Video Game Archive classification: gay:implicit, bisexual:implicit. Source page: Quique Montemayor and Captain Vincente de Santa in Red Dead Redemption.",,,,en,LGBTQ Video Game Archive,reviewed,medium,,2026-08-22
324,Ramona Flowers,Scott Pilgrim vs. the World,2010,,,,,unknown,unknown,woman,lesbian; bisexual,sexual_orientation,not_explicit_in_game,ambiguous,,,https://lgbtqgamearchive.com/2016/07/01/ramona-flowers-and-roxanne-richter-in-scott-pilgrim-vs-the-world,"LGBTQ Video Game Archive classification: lesbian:implicit, bisexual:implicit. Source page: Ramona Flowers and Roxanne Richter in Scott Pilgrim vs The World.",,,,en,LGBTQ Video Game Archive,reviewed,medium,,2026-08-22
325,Roxanne Richter,Scott Pilgrim vs. the World,2010,,,,,unknown,unknown,woman,lesbian; bisexual,sexual_orientation,not_explicit_in_game,ambiguous,,,https://lgbtqgamearchive.com/2016/07/01/ramona-flowers-and-roxanne-richter-in-scott-pilgrim-vs-the-world,"LGBTQ Video Game Archive classification: lesbian:implicit, bisexual:implicit. Source page: Ramona Flowers and Roxanne Richter in Scott Pilgrim vs The World.",,,,en,LGBTQ Video Game Archive,reviewed,medium,,2026-08-22
326,Teruteru Hanamura,Danganronpa 2: Goodbye Despair,2012,,,,,unknown,unknown,man,bisexual,sexual_orientation,explicit_in_game,confirmed,,,https://lgbtqgamearchive.com/2020/01/31/teruteru-hanamura-in-danganronpa-2-goodbye-despair,LGBTQ Video Game Archive classification: bisexual:explicit. Source page: Teruteru Hanamura in Danganronpa 2: Goodbye Despair.,,,,en,LGBTQ Video Game Archive,reviewed,high,,2026-08-22
327,Dorothy McCoy,Love & Order,2011,,,,,unknown,unknown,woman,lesbian,sexual_orientation,explicit_in_game,confirmed,,,https://lgbtqgamearchive.com/2017/02/12/dorothy-mccoy-in-love-order,LGBTQ Video Game Archive classification: lesbian:explicit. Source page: Dorothy McCoy in Love & Order.,,,,en,LGBTQ Video Game Archive,reviewed,high,,2026-08-22
328,Erica Anderson,Catherine,2011,,,,,unknown,unknown,other,not_recorded,gender_identity,explicit_in_game,confirmed,,,https://lgbtqgamearchive.com/2016/06/24/erica-anderson-in-catherine,LGBTQ Video Game Archive classification: transgender:explicit. Source page: Erica Anderson in Catherine.,,,,en,LGBTQ Video Game Archive,reviewed,high,,2026-08-22
329,Caithe,Guild Wars 2,2012,,,,,unknown,unknown,woman,lesbian,sexual_orientation,explicit_in_game,confirmed,,,https://lgbtqgamearchive.com/2016/06/24/caithe-and-faolain-in-guild-wars-2,LGBTQ Video Game Archive classification: lesbian:explicit. Source page: Caithe and Faolain in Guild Wars 2.,,,,en,LGBTQ Video Game Archive,reviewed,high,,2026-08-22
330,Faolain,Guild Wars 2,2012,,,,,unknown,unknown,woman,lesbian,sexual_orientation,explicit_in_game,confirmed,,,https://lgbtqgamearchive.com/2016/06/24/caithe-and-faolain-in-guild-wars-2,LGBTQ Video Game Archive classification: lesbian:explicit. Source page: Caithe and Faolain in Guild Wars 2.,,,,en,LGBTQ Video Game Archive,reviewed,high,,2026-08-22
331,Eladus,Guild Wars 2,2012,,,,,unknown,unknown,man,gay,sexual_orientation,explicit_in_game,confirmed,,,https://lgbtqgamearchive.com/2016/06/24/eladus-and-dagdar-in-guild-wars-2,LGBTQ Video Game Archive classification: gay:explicit. Source page: Eladus and Dagdar in Guild Wars 2.,,,,en,LGBTQ Video Game Archive,reviewed,high,,2026-08-22
332,Dagdar,Guild Wars 2,2012,,,,,unknown,unknown,man,gay,sexual_orientation,explicit_in_game,confirmed,,,https://lgbtqgamearchive.com/2016/06/24/eladus-and-dagdar-in-guild-wars-2,LGBTQ Video Game Archive classification: gay:explicit. Source page: Eladus and Dagdar in Guild Wars 2.,,,,en,LGBTQ Video Game Archive,reviewed,high,,2026-08-22
333,Kasmeer Meade,Guild Wars 2,2012,,,,,unknown,unknown,woman,lesbian,sexual_orientation,not_explicit_in_game,ambiguous,,,https://lgbtqgamearchive.com/2016/06/24/kasmeer-meade-and-marjory-delaqua-in-guild-wars-2,LGBTQ Video Game Archive classification: lesbian:implicit. Source page: Kasmeer Meade and Marjory Delaqua in Guild Wars 2.,,,,en,LGBTQ Video Game Archive,reviewed,medium,,2026-08-22
334,Marjory Delaqua,Guild Wars 2,2012,,,,,unknown,unknown,woman,lesbian,sexual_orientation,not_explicit_in_game,ambiguous,,,https://lgbtqgamearchive.com/2016/06/24/kasmeer-meade-and-marjory-delaqua-in-guild-wars-2,LGBTQ Video Game Archive classification: lesbian:implicit. Source page: Kasmeer Meade and Marjory Delaqua in Guild Wars 2.,,,,en,LGBTQ Video Game Archive,reviewed,medium,,2026-08-22
335,Aaron Vanich,Yousei,2013,,,,,unknown,unknown,man,gay,sexual_orientation,explicit_in_game,confirmed,,,https://lgbtqgamearchive.com/2017/02/12/aaron-vanich-in-yousei,LGBTQ Video Game Archive classification: gay:explicit. Source page: Aaron Vanich in Yousei.,,,,en,LGBTQ Video Game Archive,reviewed,high,,2026-08-22
336,Beauty Nova,Pokemon X/Y,2013,,,,,unknown,unknown,other,not_recorded,gender_identity,not_explicit_in_game,ambiguous,,,https://lgbtqgamearchive.com/2016/05/25/beauty-nova-in-pokemon-xy,LGBTQ Video Game Archive classification: transgender:implicit. Source page: Beauty Nova in Pokémon X/Y.,,,,en,LGBTQ Video Game Archive,reviewed,medium,,2026-08-22
337,Bill,The Last of Us,2013,,,,,unknown,unknown,man,gay,sexual_orientation,not_explicit_in_game,ambiguous,,,https://lgbtqgamearchive.com/2016/06/27/bill-in-the-last-of-us,LGBTQ Video Game Archive classification: gay:implicit. Source page: Bill in The Last of Us.,,,,en,LGBTQ Video Game Archive,reviewed,medium,,2026-08-22
338,Dr. Alan Weir,The Bureau: XCOM Declassified,2013,,,,,unknown,unknown,man,gay,sexual_orientation,explicit_in_game,confirmed,,,https://lgbtqgamearchive.com/2018/08/28/dr-alan-weir,LGBTQ Video Game Archive classification: gay:explicit. Source page: Dr. Alan Weir.,,,,en,LGBTQ Video Game Archive,reviewed,high,,2026-08-22
339,Ellie,The Last of Us,2013,,,,,unknown,playable,woman,lesbian,sexual_orientation,not_explicit_in_game,ambiguous,,,https://lgbtqgamearchive.com/2016/06/27/ellie-and-riley-in-the-last-of-us,LGBTQ Video Game Archive classification: lesbian:implicit. Source page: Ellie and Riley in The Last of Us.,,,,en,LGBTQ Video Game Archive,reviewed,medium,,2026-08-22
340,Riley,The Last of Us,2013,,,,,unknown,playable,woman,lesbian,sexual_orientation,not_explicit_in_game,ambiguous,,,https://lgbtqgamearchive.com/2016/06/27/ellie-and-riley-in-the-last-of-us,LGBTQ Video Game Archive classification: lesbian:implicit. Source page: Ellie and Riley in The Last of Us.,,,,en,LGBTQ Video Game Archive,reviewed,medium,,2026-08-22
341,Black Swan,To Kill A Black Swan,2014,,,,,unknown,unknown,other,not_recorded,gender_identity,explicit_in_game,confirmed,,,https://lgbtqgamearchive.com/2016/06/25/black-swan-in-to-kill-a-black-swan,LGBTQ Video Game Archive classification: transgender:explicit. Source page: Black Swan in To Kill a Black Swan.,,,,en,LGBTQ Video Game Archive,reviewed,high,,2026-08-22
342,Kian Alvane,Dreamfall Chapters,2014,,,,,unknown,playable,man,gay,sexual_orientation,explicit_in_game,confirmed,,,https://lgbtqgamearchive.com/2016/06/24/kian-alvane-in-dreamfall-chapters,LGBTQ Video Game Archive classification: gay:explicit. Source page: Kian Alvane in Dreamfall Chapters.,,,,en,LGBTQ Video Game Archive,reviewed,high,,2026-08-22
343,Korra,The Legend of Korra,2014,,,,,unknown,playable,woman,bisexual,sexual_orientation,not_explicit_in_game,ambiguous,,,https://lgbtqgamearchive.com/2016/06/24/korra-in-the-legend-of-korra,LGBTQ Video Game Archive classification: bisexual:implicit. Source page: Korra in The Legend of Korra.,,,,en,LGBTQ Video Game Archive,reviewed,medium,,2026-08-22
344,Mark Matthews,Coming Out on Top,2014,,,,,unknown,playable,man,gay,sexual_orientation,explicit_in_game,confirmed,,,https://lgbtqgamearchive.com/2020/03/09/mark-matthews-in-coming-out-on-top,LGBTQ Video Game Archive classification: gay:explicit. Source page: Mark Matthews in Coming Out on Top.,,,,en,LGBTQ Video Game Archive,reviewed,high,,2026-08-22
345,Catherine Chun,SOMA,2015,,,,,unknown,unknown,woman,lesbian,sexual_orientation,not_explicit_in_game,ambiguous,,,https://lgbtqgamearchive.com/2018/01/12/catherine-chun-in-soma,LGBTQ Video Game Archive classification: lesbian:implicit. Source page: Catherine Chun in SOMA.,,,,en,LGBTQ Video Game Archive,reviewed,medium,,2026-08-22
346,Julietta,7th Dragon III Code: VFD,2015,,,,,unknown,unknown,man,gay,sexual_orientation,explicit_in_game,confirmed,,,https://lgbtqgamearchive.com/2019/05/03/julietta-in-7th-dragon-iii-code-vfd,LGBTQ Video Game Archive classification: gay:explicit. Source page: Julietta in 7th Dragon III Code: VFD.,,,,en,LGBTQ Video Game Archive,reviewed,high,,2026-08-22
347,Kung Jin,Mortal Kombat X,2015,,,,,unknown,playable,man,gay,sexual_orientation,not_explicit_in_game,ambiguous,,,https://lgbtqgamearchive.com/2017/03/21/kung-jin-in-mortal-kombat-x,LGBTQ Video Game Archive classification: gay:implicit. Source page: Kung Jin in Mortal Kombat X.,,,,en,LGBTQ Video Game Archive,reviewed,medium,,2026-08-22
348,Sakurai,7th Dragon III Code: VFD,2015,,,,,unknown,unknown,man,gay,sexual_orientation,explicit_in_game,confirmed,,,https://lgbtqgamearchive.com/2019/05/03/sakurai-in-7th-dragon-iii-code-vfd,LGBTQ Video Game Archive classification: gay:explicit. Source page: Sakurai in 7th Dragon III Code: VFD.,,,,en,LGBTQ Video Game Archive,reviewed,high,,2026-08-22
349,Velvet Crowe,Tales of Berseria,2016,,,,,unknown,playable,woman,lesbian; bisexual; asexual,sexual_orientation,not_explicit_in_game,ambiguous,,,https://lgbtqgamearchive.com/2019/03/07/velvet-crowe-in-tales-of-berseria,"LGBTQ Video Game Archive classification: lesbian:implicit, bisexual:implicit, asexual:implicit. Source page: Velvet Crowe in Tales of Berseria.",,,,en,LGBTQ Video Game Archive,reviewed,medium,,2026-08-22
350,Zelos,Tales of Symphonia,2003,,,,,unknown,unknown,man,bisexual,sexual_orientation,not_explicit_in_game,ambiguous,,,https://lgbtqgamearchive.com/2016/08/30/zelos-and-lloyd-in-tales-of-symphonia,LGBTQ Video Game Archive classification: bisexual:implicit. Source page: Zelos and Lloyd in Tales of Symphonia. Press Q does not assign one fixed orientation to every person in an optional pair from a shared relationship page.,,,,en,LGBTQ Video Game Archive,reviewed,medium,,2026-08-22
351,Lloyd,Tales of Symphonia,2003,,,,,unknown,unknown,man,bisexual,sexual_orientation,not_explicit_in_game,ambiguous,,,https://lgbtqgamearchive.com/2016/08/30/zelos-and-lloyd-in-tales-of-symphonia,LGBTQ Video Game Archive classification: bisexual:implicit. Source page: Zelos and Lloyd in Tales of Symphonia. Press Q does not assign one fixed orientation to every person in an optional pair from a shared relationship page.,,,,en,LGBTQ Video Game Archive,reviewed,medium,,2026-08-22
352,Dave,Firewatch,2016,,,,,unknown,unknown,man,gay,sexual_orientation,explicit_in_game,confirmed,,,https://lgbtqgamearchive.com/2016/06/24/dave-in-firewatch,LGBTQ Video Game Archive classification: gay:explicit. Source page: Dave in Firewatch.,,,,en,LGBTQ Video Game Archive,reviewed,high,,2026-08-22
353,Graves,Hustle Cat,2016,,,,,unknown,unknown,man,gay,sexual_orientation,not_explicit_in_game,ambiguous,,,https://lgbtqgamearchive.com/2019/09/09/graves-and-nacht,LGBTQ Video Game Archive classification: gay:explicit. Source page: Graves and Nacht in Hustle Cat. Press Q does not assign one fixed orientation to every person in an optional pair from a shared relationship page.,,,,en,LGBTQ Video Game Archive,reviewed,medium,,2026-08-22
354,Nacht,Hustle Cat,2016,,,,,unknown,unknown,man,gay,sexual_orientation,not_explicit_in_game,ambiguous,,,https://lgbtqgamearchive.com/2019/09/09/graves-and-nacht,LGBTQ Video Game Archive classification: gay:explicit. Source page: Graves and Nacht in Hustle Cat. Press Q does not assign one fixed orientation to every person in an optional pair from a shared relationship page.,,,,en,LGBTQ Video Game Archive,reviewed,medium,,2026-08-22
355,Lenora (Lenni) Kastner,Watch Dogs 2,2016,,,,,unknown,unknown,woman,lesbian,sexual_orientation,not_explicit_in_game,ambiguous,,,https://lgbtqgamearchive.com/2019/07/05/lenora-lenni-kastner-2,LGBTQ Video Game Archive classification: lesbian:implicit. Source page: Lenora (Lenni) Kastner in Watch Dogs 2.,,,,en,LGBTQ Video Game Archive,reviewed,medium,,2026-08-22
356,Mason,Hustle Cat,2016,,,,,unknown,unknown,woman,lesbian,sexual_orientation,explicit_in_game,confirmed,,,https://lgbtqgamearchive.com/2019/09/14/mason,"LGBTQ Video Game Archive classification: lesbian:explicit, bisexual:implicit. Source page: Mason in Hustle Cat.",,,,en,LGBTQ Video Game Archive,reviewed,high,,2026-08-22
357,Miranda Comay,Watch Dogs 2,2016,,,,,unknown,unknown,other,not_recorded,gender_identity,explicit_in_game,confirmed,,,https://lgbtqgamearchive.com/2019/07/05/miranda-comay,LGBTQ Video Game Archive classification: transgender:explicit. Source page: Miranda Comay in Watch Dogs 2.,,,,en,LGBTQ Video Game Archive,reviewed,high,,2026-08-22
358,Myrrine,Spade Memory,2016,,,,,unknown,unknown,woman,lesbian,sexual_orientation,explicit_in_game,confirmed,,,https://lgbtqgamearchive.com/2016/07/14/myrrine-in-spade-memory,LGBTQ Video Game Archive classification: lesbian:explicit. Source page: Myrrine in Spade Memory.,,,,en,LGBTQ Video Game Archive,reviewed,high,,2026-08-22
359,Soldier: 76/Jack Morrison,Overwatch,2016,,,,,unknown,playable,man,gay,sexual_orientation,explicit_in_game,confirmed,,,https://lgbtqgamearchive.com/2019/03/07/soldier-76-jack-morrison,LGBTQ Video Game Archive classification: gay:explicit. Source page: Soldier: 76/Jack Morrison in Overwatch.,,,,en,LGBTQ Video Game Archive,reviewed,high,,2026-08-22
360,Tracer/Lena Oxton,Overwatch,2016,,,,,unknown,playable,woman,lesbian,sexual_orientation,explicit_in_game,confirmed,,,https://lgbtqgamearchive.com/2019/03/07/tracer-lena-oxton,LGBTQ Video Game Archive classification: lesbian:explicit. Source page: Tracer/Lena Oxton in Overwatch.,,,,en,LGBTQ Video Game Archive,reviewed,high,,2026-08-22
361,Wisteria,Spade Memory,2016,,,,,unknown,playable,woman,asexual,sexual_orientation,explicit_in_game,confirmed,,,https://lgbtqgamearchive.com/2016/07/14/wisteria-in-spade-memory,LGBTQ Video Game Archive classification: asexual:explicit. Source page: Wisteria in Spade Memory.,,,,en,LGBTQ Video Game Archive,reviewed,high,,2026-08-22
362,Angus,Night in the Woods,2017,,,,,unknown,unknown,man,gay,sexual_orientation,explicit_in_game,confirmed,,,https://lgbtqgamearchive.com/2018/01/12/angus-in-night-in-the-woods,LGBTQ Video Game Archive classification: gay:explicit. Source page: Angus in Night in the Woods.,,,,en,LGBTQ Video Game Archive,reviewed,high,,2026-08-22
363,Azami,Xenoblade Chronicles 2,2017,,,,,unknown,playable,woman,bisexual,sexual_orientation,explicit_in_game,confirmed,,,https://lgbtqgamearchive.com/2021/01/21/azami-xenoblade-chronicles-2,LGBTQ Video Game Archive classification: bisexual:explicit. Source page: Azami Xenoblade Chronicles 2.,,,,en,LGBTQ Video Game Archive,reviewed,high,,2026-08-22
364,Brageld,Horizon Zero Dawn,2017,,,,,unknown,unknown,man,gay,sexual_orientation,explicit_in_game,confirmed,,,https://lgbtqgamearchive.com/2021/07/09/brageld-in-horizon-zero-dawn,LGBTQ Video Game Archive classification: gay:explicit. Source page: Brageld in Horizon Zero Dawn.,,,,en,LGBTQ Video Game Archive,reviewed,high,,2026-08-22
365,Ella Pontes,Horizon Zero Dawn,2017,,,,,unknown,unknown,woman,lesbian,sexual_orientation,explicit_in_game,confirmed,,,https://lgbtqgamearchive.com/2021/07/09/ella-pontes-in-horizon-zero-dawn,LGBTQ Video Game Archive classification: lesbian:explicit. Source page: Ella Pontes in Horizon Zero Dawn.,,,,en,LGBTQ Video Game Archive,reviewed,high,,2026-08-22
366,Gregg,Night in the Woods,2017,,,,,unknown,unknown,man,gay,sexual_orientation,explicit_in_game,confirmed,,,https://lgbtqgamearchive.com/2018/01/12/gregg-in-night-in-the-woods,LGBTQ Video Game Archive classification: gay:explicit. Source page: Gregg in Night in the Woods.,,,,en,LGBTQ Video Game Archive,reviewed,high,,2026-08-22
367,Grey Mourner,Hollow Knight,2017,,,,,unknown,unknown,woman,lesbian,sexual_orientation,explicit_in_game,confirmed,,,https://lgbtqgamearchive.com/?p=12302,LGBTQ Video Game Archive classification: lesbian:explicit. Source page: Grey Mourner and the Traitor’s Daughter in Hollow Knight.,,,,en,LGBTQ Video Game Archive,reviewed,high,,2026-08-22
368,the Traitor’s Daughter,Hollow Knight,2017,,,,,unknown,unknown,woman,lesbian,sexual_orientation,explicit_in_game,confirmed,,,https://lgbtqgamearchive.com/?p=12302,LGBTQ Video Game Archive classification: lesbian:explicit. Source page: Grey Mourner and the Traitor’s Daughter in Hollow Knight.,,,,en,LGBTQ Video Game Archive,reviewed,high,,2026-08-22
369,Janeva,Horizon Zero Dawn,2017,,,,,unknown,unknown,non_binary,not_recorded,gender_identity,not_explicit_in_game,ambiguous,,,https://lgbtqgamearchive.com/2021/07/09/janeva-in-horizon-zero-dawn,"LGBTQ Video Game Archive classification: transgender:implicit, non-binary or genderqueer:implicit. Source page: Janeva in Horizon Zero Dawn.",,,,en,LGBTQ Video Game Archive,reviewed,medium,,2026-08-22
370,Lewis Finch,What Remains of Edith Finch,2017,,,,,unknown,unknown,man,bisexual,sexual_orientation,not_explicit_in_game,ambiguous,,,https://lgbtqgamearchive.com/?p=10431,LGBTQ Video Game Archive classification: bisexual:implicit. Source page: Lewis Finch in What Remains of Edith Finch.,,,,en,LGBTQ Video Game Archive,reviewed,medium,,2026-08-22
371,Mae Borowski,Night in the Woods,2017,,,,,unknown,playable,woman,lesbian,sexual_orientation,explicit_in_game,confirmed,,,https://lgbtqgamearchive.com/2018/01/12/mae-borowski-in-night-in-the-woods,LGBTQ Video Game Archive classification: lesbian:explicit. Source page: Mae Borowski in Night in the Woods.,,,,en,LGBTQ Video Game Archive,reviewed,high,,2026-08-22
372,Petra Forgewoman,Horizon Zero Dawn,2017,,,,,unknown,unknown,woman,lesbian,sexual_orientation,not_explicit_in_game,ambiguous,,,https://lgbtqgamearchive.com/2021/07/09/petra-forgewoman-in-horizon-zero-dawn,LGBTQ Video Game Archive classification: lesbian:implicit. Source page: Petra Forgewoman in Horizon Zero Dawn.,,,,en,LGBTQ Video Game Archive,reviewed,medium,,2026-08-22
373,Sheba,Xenoblade Chronicles 2,2017,,,,,unknown,unknown,woman,lesbian,sexual_orientation,explicit_in_game,confirmed,,,https://lgbtqgamearchive.com/2021/01/21/sheba-in-xenoblade-chronicles-2,LGBTQ Video Game Archive classification: lesbian:explicit. Source page: Sheba in Xenoblade Chronicles 2.,,,,en,LGBTQ Video Game Archive,reviewed,high,,2026-08-22
374,Sheo,Hollow Knight,2017,,,,,unknown,unknown,man,gay,sexual_orientation,explicit_in_game,confirmed,,,https://lgbtqgamearchive.com/?p=12307,LGBTQ Video Game Archive classification: gay:explicit. Source page: Sheo and the Nailsmith in Hollow Knight.,,,,en,LGBTQ Video Game Archive,reviewed,high,,2026-08-22
375,the Nailsmith,Hollow Knight,2017,,,,,unknown,unknown,man,gay,sexual_orientation,explicit_in_game,confirmed,,,https://lgbtqgamearchive.com/?p=12307,LGBTQ Video Game Archive classification: gay:explicit. Source page: Sheo and the Nailsmith in Hollow Knight.,,,,en,LGBTQ Video Game Archive,reviewed,high,,2026-08-22
376,Damien LaVey,Monster Prom,2018,,,,,unknown,unknown,man,player_defined,sexual_orientation,not_explicit_in_game,ambiguous,,,https://lgbtqgamearchive.com/2019/04/30/damien-lavey-in-monster-prom,LGBTQ Video Game Archive classification: gay:explicit. Source page: Damien LaVey in Monster Prom. Press Q treats the orientation as player-defined because the source says no fixed sexual orientation is identified.,,,,en,LGBTQ Video Game Archive,reviewed,medium,,2026-08-22
377,Evan,Save me Mr Tako,2018,,,,,unknown,unknown,man,gay,sexual_orientation,not_explicit_in_game,ambiguous,,,https://lgbtqgamearchive.com/?p=10544,LGBTQ Video Game Archive classification: gay:implicit. Source page: Evan in Save me Mr Tako.,,,,en,LGBTQ Video Game Archive,reviewed,medium,,2026-08-22
378,Faith,Monster Prom,2018,,,,,unknown,unknown,woman,lesbian,sexual_orientation,explicit_in_game,confirmed,,,https://lgbtqgamearchive.com/2019/04/30/faith-in-monster-prom,"LGBTQ Video Game Archive classification: lesbian:explicit, bisexual:implicit. Source page: Faith in Monster Prom.",,,,en,LGBTQ Video Game Archive,reviewed,high,,2026-08-22
379,Polly Geist,Monster Prom,2018,,,,,unknown,unknown,woman,bisexual,sexual_orientation,explicit_in_game,confirmed,,,https://lgbtqgamearchive.com/2019/05/01/polly-geist-in-monster-prom,LGBTQ Video Game Archive classification: bisexual:explicit. Source page: Polly Geist in Monster Prom.,,,,en,LGBTQ Video Game Archive,reviewed,high,,2026-08-22
380,The Slayer,Monster Prom,2018,,,,,unknown,unknown,woman,bisexual,sexual_orientation,explicit_in_game,confirmed,,,https://lgbtqgamearchive.com/2019/05/01/the-slayer-in-monster-prom,LGBTQ Video Game Archive classification: bisexual:explicit. Source page: The Slayer in Monster Prom.,,,,en,LGBTQ Video Game Archive,reviewed,high,,2026-08-22
381,Zoe,Monster Prom,2018,,,,,unknown,unknown,trans_woman,asexual,sexual_orientation; gender_identity,explicit_in_game,confirmed,,,https://lgbtqgamearchive.com/2019/05/01/zoe-in-monster-prom,"LGBTQ Video Game Archive classification: asexual:explicit, transgender:explicit, non-binary or genderqueer:implicit. Source page: Zoe in Monster Prom.",,,,en,LGBTQ Video Game Archive,reviewed,high,,2026-08-22
382,Alice Emilia Devonfort,Moonrise,2019,,,,,unknown,unknown,woman,bisexual; other,sexual_orientation,explicit_in_game,confirmed,,,https://lgbtqgamearchive.com/?p=11757,"LGBTQ Video Game Archive classification: bisexual:explicit, demisexual:explicit. Source page: Alice Emilia Devonfort in Moonrise.",,,,en,LGBTQ Video Game Archive,reviewed,high,,2026-08-22
383,Satsuo,Cursed Elements,2019,,,,,unknown,playable,man,gay,sexual_orientation,explicit_in_game,confirmed,,,https://lgbtqgamearchive.com/2020/08/05/satsuo-in-cursed-elements,LGBTQ Video Game Archive classification: gay:explicit. Source page: Satsuo in Cursed Elements.,,,,en,LGBTQ Video Game Archive,reviewed,high,,2026-08-22
384,Chika Itou,Moonrise,2019,,,,,unknown,unknown,woman,lesbian,sexual_orientation,explicit_in_game,confirmed,,,https://lgbtqgamearchive.com/?p=11763,LGBTQ Video Game Archive classification: lesbian:explicit. Source page: Chika Itou in Moonrise.,,,,en,LGBTQ Video Game Archive,reviewed,high,,2026-08-22
385,Futa “Pewter” Amanoma,AI: The Somnium Files,2019,,,,,unknown,unknown,man,gay; bisexual,sexual_orientation,explicit_in_game,confirmed,,,https://lgbtqgamearchive.com/?p=12573,"LGBTQ Video Game Archive classification: gay:explicit, bisexual:explicit. Source page: Futa “Pewter” Amanoma and Renju Okiura in AI: The Somnium Files.",,,,en,LGBTQ Video Game Archive,reviewed,high,,2026-08-22
386,Renju Okiura,AI: The Somnium Files,2019,,,,,unknown,unknown,man,gay; bisexual,sexual_orientation,explicit_in_game,confirmed,,,https://lgbtqgamearchive.com/?p=12573,"LGBTQ Video Game Archive classification: gay:explicit, bisexual:explicit. Source page: Futa “Pewter” Amanoma and Renju Okiura in AI: The Somnium Files.",,,,en,LGBTQ Video Game Archive,reviewed,high,,2026-08-22
387,Ishara,Moonrise,2019,,,,,unknown,unknown,trans_woman,lesbian,sexual_orientation; gender_identity,explicit_in_game,confirmed,,,https://lgbtqgamearchive.com/?p=11767,"LGBTQ Video Game Archive classification: lesbian:explicit, transgender:explicit. Source page: Ishara in Moonrise.",,,,en,LGBTQ Video Game Archive,reviewed,high,,2026-08-22
388,Rosario de la Cruz,Moonrise,2019,,,,,unknown,unknown,non_binary,pansexual,sexual_orientation; gender_identity,explicit_in_game,confirmed,,,https://lgbtqgamearchive.com/?p=11777,"LGBTQ Video Game Archive classification: pansexual:explicit, non-binary or genderqueer:explicit. Source page: Rosario de la Cruz in Moonrise.",,,,en,LGBTQ Video Game Archive,reviewed,high,,2026-08-22
