reason,reference_label,parent_game_titles,parent_release_years,reference_page_title,category_names,reference_url
evidence_registered_in_other_unit,Baths at Buccaneer’s Den,Ultima VI: The False Prophet; Ultima VII: The Black Gate; Ultima VII Part II: Serpent Isle; Ultima V: Lazarus,1990; 1992; 1993; 2005,Baths at Buccaneer’s Den in Ultima VII: Black Gate,1990s; Relationships/Romance/Sex; Sex Workers and Bisexuality,https://lgbtqgamearchive.com/2015/09/11/baths-at-buccaneers-den-in-ultima-vii-black-gate
evidence_registered_in_other_unit,Gay villains,Vendetta,1991,Gay villains in Vendetta,1990s; Changed in localization; Gay; Gay (explicit); Homophobia; Homophobia/Transphobia; Queer Men,https://lgbtqgamearchive.com/2015/08/25/gay-villains-in-vendetta
no_explicit_or_implicit_identity_category,Adel,Final Fantasy V; Final Fantasy VII; Final Fantasy VIII; Final Fantasy IX; Final Fantasy X; Final Fantasy XIII; Final Fantasy XIV: A Realm Reborn,1992; 1997; 1999; 2000; 2001; 2009; 2014,Adel in Final Fantasy VIII,1990s; Characters; Gender non-conforming,https://lgbtqgamearchive.com/2015/12/10/adel-in-final-fantasy-viii
group_or_non_character_subject,Gay NPC couple,Final Fantasy V; Final Fantasy VII; Final Fantasy VIII; Final Fantasy IX; Final Fantasy X; Final Fantasy XIII; Final Fantasy XIV: A Realm Reborn,1992; 1997; 1999; 2000; 2001; 2009; 2014,Gay NPCs in Final Fantasy XIV,2010s; Gay; Gay (explicit); Queer Men,https://lgbtqgamearchive.com/2015/09/10/gay-npcs-in-final-fantasy-xiv
evidence_registered_in_other_unit,Homosexuality and Werewolves,Gabriel Knight: Sins of the Fathers; Gabriel Knight 2: The Beast Within; Gabriel Knight 3: Blood of the Sacred Blood of the Damned,1993; 1995; 1999,Homosexuality and Werewolves in Gabriel Knight,1990s; Gay; Gay (implicit); Queer Men,https://lgbtqgamearchive.com/2015/08/27/homosexuality-and-werewolves-in-gabriel-knight
evidence_registered_in_other_unit,Gay ending,Plumbers Don’t Wear Ties,1994,Gay ending in Plumbers Don’t Wear Ties,1990s; Gay; Gay (explicit); Homophobia; Mentions; Mentions (explicit); Optional Relationship; Queer Men,https://lgbtqgamearchive.com/2015/08/30/gay-ending-in-plumbers-dont-wear-ties
requires_queer_reading_unit,Leo,Tekken; Tekken 5; Tekken 6,1994; 2004; 2007,Leo in Tekken series,2000s; Characters; Non-binary or genderqueer; Non-binary or Genderqueer (explicit); Playable Character,https://lgbtqgamearchive.com/2015/11/20/leo-in-tekken-series
group_or_non_character_subject,The Magypsies,Earthbound; Mother 3,1994; 2006,The Magypsies in Mother 3,2000s; Games by Decade; Gender non-conforming; Non-binary or genderqueer; Non-binary or Genderqueer (implicit),https://lgbtqgamearchive.com/?p=11973
group_or_non_character_subject,Argonians,The Elder Scrolls: Daggerfall; The Elder Scrolls: Battlespire; The Elder Scrolls: Morrowind; The Elder Scrolls: Oblivion; The Elder Scrolls V: Skyrim; The Elder Scrolls: Skyrim- Dragonborn expansion; The Elder Scrolls Online,1996; 1997; 2002; 2006; 2011; 2012; 2014,The Argonians and Sexual Development in The Elder Scrolls III: Morrowind,2000s; Non-binary or genderqueer; Non-binary or Genderqueer (explicit); Transgender; Transgender (explicit),https://lgbtqgamearchive.com/2016/09/05/the-argonians-and-sexual-development-in-the-elder-scrolls-iii-morrowind
group_or_non_character_subject,Buoyant Armigers,The Elder Scrolls: Daggerfall; The Elder Scrolls: Battlespire; The Elder Scrolls: Morrowind; The Elder Scrolls: Oblivion; The Elder Scrolls V: Skyrim; The Elder Scrolls: Skyrim- Dragonborn expansion; The Elder Scrolls Online,1996; 1997; 2002; 2006; 2011; 2012; 2014,The Buoyant Armigers in the Elder Scrolls III: Morrowind,2000s; Bisexual; Bisexual (implicit); Characters; Gay; Gay (implicit); Queer Men,https://lgbtqgamearchive.com/2016/09/05/the-buoyant-armigers-in-the-elder-scrolls-iii-morrowind
evidence_registered_in_other_unit,Firemen,Harvester,1996,Firemen in Harvester,1990s; Gay; Gay (explicit); Homophobia; Queer Men,https://lgbtqgamearchive.com/2015/08/31/firemen-in-harvester
group_or_non_character_subject,LGB Characters,Grand Theft Auto; Grand Theft Auto II; Grand Theft Auto III; Grand Theft Auto: Vice City; Grand Theft Auto: San Andreas; Grand Theft Auto: Liberty City Stories; Grand Theft Auto: Vice City Stories; Grand Theft Auto IV; Grand Theft Auto: The Lost and Damned; Grand Theft Auto: The Ballad of Gay Tony; Grand Theft Auto V,1997; 1999; 2001; 2002; 2004; 2005; 2006; 2008; 2009; 2010; 2013,LGB Characters in Grand Theft Auto: San Andreas,2000s; Gay; Gay (explicit); Gay (implicit); Homophobia; Lesbian; Lesbian (explicit); Queer Men; Queer Women,https://lgbtqgamearchive.com/2015/09/08/lgb-characters-in-grand-theft-auto-san-andreas
group_or_non_character_subject,LGB Love-meet.net users,Grand Theft Auto; Grand Theft Auto II; Grand Theft Auto III; Grand Theft Auto: Vice City; Grand Theft Auto: San Andreas; Grand Theft Auto: Liberty City Stories; Grand Theft Auto: Vice City Stories; Grand Theft Auto IV; Grand Theft Auto: The Lost and Damned; Grand Theft Auto: The Ballad of Gay Tony; Grand Theft Auto V,1997; 1999; 2001; 2002; 2004; 2005; 2006; 2008; 2009; 2010; 2013,LGB Love-meet.net Users in Grand Theft Auto IV,2000s; Asexual; Asexual (explicit); Asexual (Implicit); Bisexual; Bisexual (implicit); Gay; Gay (explicit); Queer Men; Queer Women,https://lgbtqgamearchive.com/2015/09/11/lgb-love-meet-net-users-in-grand-theft-auto-iv
group_or_non_character_subject,LGBT Media Personalities,Grand Theft Auto; Grand Theft Auto II; Grand Theft Auto III; Grand Theft Auto: Vice City; Grand Theft Auto: San Andreas; Grand Theft Auto: Liberty City Stories; Grand Theft Auto: Vice City Stories; Grand Theft Auto IV; Grand Theft Auto: The Lost and Damned; Grand Theft Auto: The Ballad of Gay Tony; Grand Theft Auto V,1997; 1999; 2001; 2002; 2004; 2005; 2006; 2008; 2009; 2010; 2013,LGBT Media Personalities in Grand Theft Auto IV,2000s; Gay; Gay (implicit); Homophobia; Homophobia/Transphobia; Queer Men; Transgender; Transgender (explicit); Transphobia,https://lgbtqgamearchive.com/2015/09/12/lgbt-media-personalities-in-grand-theft-auto-iv
group_or_non_character_subject,LGBT NPCs in LCPD Database,Grand Theft Auto; Grand Theft Auto II; Grand Theft Auto III; Grand Theft Auto: Vice City; Grand Theft Auto: San Andreas; Grand Theft Auto: Liberty City Stories; Grand Theft Auto: Vice City Stories; Grand Theft Auto IV; Grand Theft Auto: The Lost and Damned; Grand Theft Auto: The Ballad of Gay Tony; Grand Theft Auto V,1997; 1999; 2001; 2002; 2004; 2005; 2006; 2008; 2009; 2010; 2013,LGBT NPCs in LCPD Database in Grand Theft Auto IV,2000s; Cross-dressing; Gay; Gay (explicit); Gay (implicit); Gender non-conforming; Queer Men; Transgender; Transgender (implicit),https://lgbtqgamearchive.com/2015/09/12/lgbt-npcs-in-lcpd-database-in-grand-theft-auto-iv
no_explicit_or_implicit_identity_category,Mentions of homosexuality,Fallout; Fallout 2; Fallout: Brotherhood of Steel; Fallout 3; Fallout: New Vegas; Fallout 4,1997; 1998; 2004; 2008; 2010; 2015,Mentions of homosexuality in Fallout: New Vegas,2010s; Characters; Mentions; Mentions (explicit),https://lgbtqgamearchive.com/2015/12/02/mentions-of-homosexuality-in-fallout-new-vegas
group_or_non_character_subject,OG Loc Mission,Grand Theft Auto; Grand Theft Auto II; Grand Theft Auto III; Grand Theft Auto: Vice City; Grand Theft Auto: San Andreas; Grand Theft Auto: Liberty City Stories; Grand Theft Auto: Vice City Stories; Grand Theft Auto IV; Grand Theft Auto: The Lost and Damned; Grand Theft Auto: The Ballad of Gay Tony; Grand Theft Auto V,1997; 1999; 2001; 2002; 2004; 2005; 2006; 2008; 2009; 2010; 2013,OG Loc Mission in Grand Theft Auto: San Andreas,2000s; Gay; Gay (implicit); Homophobia; Queer Men,https://lgbtqgamearchive.com/2015/09/10/og-loc-mission-in-grand-theft-auto-san-andreas
evidence_registered_in_other_unit,Sexuality,Fallout; Fallout 2; Fallout: Brotherhood of Steel; Fallout 3; Fallout: New Vegas; Fallout 4,1997; 1998; 2004; 2008; 2010; 2015,Sexuality in Fallout Series,1990s; 2000s; 2010s; Bisexual; Bisexual (implicit); Characters; Optional Relationship; Queer Men; Queer Women; Relationships/Romance/Sex; Sex Workers and Bisexuality,https://lgbtqgamearchive.com/2015/11/24/sexuality-in-fallout-series
group_or_non_character_subject,Transgender Sex Workers,Grand Theft Auto; Grand Theft Auto II; Grand Theft Auto III; Grand Theft Auto: Vice City; Grand Theft Auto: San Andreas; Grand Theft Auto: Liberty City Stories; Grand Theft Auto: Vice City Stories; Grand Theft Auto IV; Grand Theft Auto: The Lost and Damned; Grand Theft Auto: The Ballad of Gay Tony; Grand Theft Auto V,1997; 1999; 2001; 2002; 2004; 2005; 2006; 2008; 2009; 2010; 2013,Transgender Sex Workers in Grand Theft Auto V,2010s; Transgender; Transgender (explicit); Transphobia,https://lgbtqgamearchive.com/2015/09/18/transgender-sex-workers-in-grand-theft-auto-v
no_explicit_or_implicit_identity_category,Kyouichi Houraiji,Tokyo Majin Gakuen: Ken Kaze Tobari,1998,Kyouichi Houraiji,1990s; Characters; Games by Decade; Optional Relationship; Relationships/Romance/Sex,https://lgbtqgamearchive.com/2018/08/27/kyouichi-houraiji
no_explicit_or_implicit_identity_category,Moroha Kirishima,Tokyo Majin Gakuen: Ken Kaze Tobari,1998,Moroha Kirishima,1990s; Characters; Games by Decade; Optional Relationship; Relationships/Romance/Sex,https://lgbtqgamearchive.com/2018/08/27/moroha-kirishima
no_explicit_or_implicit_identity_category,Tatsuma Hiyuu,Tokyo Majin Gakuen: Ken Kaze Tobari,1998,Tatsuma Hiyuu,1990s; Characters; Games by Decade; Optional Relationship; Relationships/Romance/Sex,https://lgbtqgamearchive.com/2018/08/27/tatsuma-hiyuu
no_explicit_or_implicit_identity_category,Bramimond,Fire Emblem: Thracia 776; Fire Emblem: Rekka no Ken; Fire Emblem: Sacred Stones; Fire Emblem: Path of Radiance; Fire Emblem: Radiant Dawn; Fire Emblem: Awakening; Fire Emblem Fates; Fire Emblem Echoes: Shadows of Valentia; Fire Emblem Heroes; Fire Emblem: Three Houses; Fire Emblem Three Houses: Cindered Shadows,1999; 2003; 2004; 2005; 2007; 2012; 2015; 2017; 2017; 2019; 2020,Bramimond in Fire Emblem: The Blazing Blade,2000s; Agender; Characters; Games by Decade,https://lgbtqgamearchive.com/?p=12600
no_explicit_or_implicit_identity_category,Cherry,Fighter Destiny 2,1999,Cherry in Fighters Destiny,1990s; Changed in localization; Characters; Cross-dressing; Gender non-conforming; Playable Character,https://lgbtqgamearchive.com/2016/05/10/cherry-in-fighters-destiny
group_or_non_character_subject,Gay Jokes and Queerness,Fire Emblem: Thracia 776; Fire Emblem: Rekka no Ken; Fire Emblem: Sacred Stones; Fire Emblem: Path of Radiance; Fire Emblem: Radiant Dawn; Fire Emblem: Awakening; Fire Emblem Fates; Fire Emblem Echoes: Shadows of Valentia; Fire Emblem Heroes; Fire Emblem: Three Houses; Fire Emblem Three Houses: Cindered Shadows,1999; 2003; 2004; 2005; 2007; 2012; 2015; 2017; 2017; 2019; 2020,Gay Jokes and Queerness in Fire Emblem Awakening,2010s; Add on content; Bisexual; Bisexual (explicit); Bisexual (implicit); Changed in localization; Characters; Games by Decade; Gay; Gay (implicit); Gender non-conforming; Homophobia; Homophobia/Transphobia; Intertextual Reference; Playable Character; Queer Men; Queer Women; Transgender; Transgender (implicit); Transphobia,https://lgbtqgamearchive.com/?p=12622
character_game_already_registered,Jill and Mist,Fire Emblem: Thracia 776; Fire Emblem: Rekka no Ken; Fire Emblem: Sacred Stones; Fire Emblem: Path of Radiance; Fire Emblem: Radiant Dawn; Fire Emblem: Awakening; Fire Emblem Fates; Fire Emblem Echoes: Shadows of Valentia; Fire Emblem Heroes; Fire Emblem: Three Houses; Fire Emblem Three Houses: Cindered Shadows,1999; 2003; 2004; 2005; 2007; 2012; 2015; 2017; 2017; 2019; 2020,Jill and Mist in Fire Emblem: Path of Radiance,2000s; Characters; Games by Decade; Lesbian; Lesbian (implicit); Optional Relationship; Queer Women; Relationships/Romance/Sex,https://lgbtqgamearchive.com/2019/01/31/jill-and-mist-in-fire-emblem-path-of-radiance-and-fire-emblem-radiant-dawn
character_game_already_registered,Jill and Mist,Fire Emblem: Thracia 776; Fire Emblem: Rekka no Ken; Fire Emblem: Sacred Stones; Fire Emblem: Path of Radiance; Fire Emblem: Radiant Dawn; Fire Emblem: Awakening; Fire Emblem Fates; Fire Emblem Echoes: Shadows of Valentia; Fire Emblem Heroes; Fire Emblem: Three Houses; Fire Emblem Three Houses: Cindered Shadows,1999; 2003; 2004; 2005; 2007; 2012; 2015; 2017; 2017; 2019; 2020,Jill and Mist in Fire Emblem: Path of Radiance,2000s; Characters; Games by Decade; Lesbian; Lesbian (implicit); Optional Relationship; Queer Women; Relationships/Romance/Sex,https://lgbtqgamearchive.com/2019/01/31/jill-and-mist-in-fire-emblem-path-of-radiance-and-fire-emblem-radiant-dawn
group_or_non_character_subject,Non-Byleth Pairings,Fire Emblem: Thracia 776; Fire Emblem: Rekka no Ken; Fire Emblem: Sacred Stones; Fire Emblem: Path of Radiance; Fire Emblem: Radiant Dawn; Fire Emblem: Awakening; Fire Emblem Fates; Fire Emblem Echoes: Shadows of Valentia; Fire Emblem Heroes; Fire Emblem: Three Houses; Fire Emblem Three Houses: Cindered Shadows,1999; 2003; 2004; 2005; 2007; 2012; 2015; 2017; 2017; 2019; 2020,Non-Byleth Pairings in Fire Emblem: Three Houses,2010s; 2020s; Add on content; Asexual; Asexual (Implicit); Bisexual; Bisexual (explicit); Bisexual (implicit); Changed in localization; Characters; Games by Decade; Mentions; Mentions (explicit); Optional Relationship; Playable Character; Queer Men; Queer Women; Relationships/Romance/Sex,https://lgbtqgamearchive.com/?p=12285
evidence_registered_in_other_unit,Morpheus Duvall,Resident Evil Code: Veronica; Resident Evil: Dead Aim; Resident Evil: Operation Raccon City,2000; 2003; 2012,Morpheus Duvall in Resident Evil: Dead Aim,2000s; Gender non-conforming; Transgender; Transgender (implicit); Transphobia,https://lgbtqgamearchive.com/2015/09/03/morpheus-duvall-in-resident-evil-dead-aim
no_explicit_or_implicit_identity_category,Blanca,Animal Crossing; Animal Crossing: Wild World; Animal Crossing; Animal Crossing: New Horizons,2001; 2005; 2012; 2020,Blanca in Animal Crossing,2000s; Changed in localization; Characters; Games by Decade; Gender non-conforming,https://lgbtqgamearchive.com/?p=12075
group_or_non_character_subject,The Divas,Runaway: A Road Adventure,2001,The Divas in Runaway: A Road Adventure,2000s; Characters; Gay; Gay (explicit); Gender non-conforming; Queer Men,https://lgbtqgamearchive.com/2016/09/26/the-divas-in-runaway-a-road-adventure
no_explicit_or_implicit_identity_category,Sex Workers,Divine Divinity; Divine Divinity: Dragon Commander; Divine Divinity: Original Sin,2002; 2013; 2014,Sex Workers in Divine Divinity,2000s; Relationships/Romance/Sex; Sex Workers and Bisexuality,https://lgbtqgamearchive.com/2015/11/23/sex-workers-in-divine-divinity
no_explicit_or_implicit_identity_category,Sex Workers (/“Sex” “Workers”),Divine Divinity; Divine Divinity: Dragon Commander; Divine Divinity: Original Sin,2002; 2013; 2014,Sex Workers (/”Sex” “Workers”) in Divine: Original Sin,2010s; Relationships/Romance/Sex; Sex Workers and Bisexuality,https://lgbtqgamearchive.com/2015/11/23/sex-workers-sex-workers-in-divine-original-sin
group_or_non_character_subject,The Star Crossed Lovers,Divine Divinity; Divine Divinity: Dragon Commander; Divine Divinity: Original Sin,2002; 2013; 2014,The Star Crossed Lovers in Divine: Original Sin,2010s; Characters; Gay; Gay (explicit); Homophobia; Homophobia/Transphobia; Queer Men,https://lgbtqgamearchive.com/2015/11/23/the-star-crossed-lovers-in-divine-original-sin
group_or_non_character_subject,Gay and lesbian characters,Singles: Flirt Up Your Life,2003,Gay and Lesbian Characters in Singles: Flirt Up Your Life,Bisexual; Bisexual (implicit); Characters; Gay; Gay (explicit); Lesbian; Lesbian (explicit); Playable Character; Queer Men,https://lgbtqgamearchive.com/2016/08/30/gay-and-lesbian-characters-in-singles-flirt-up-your-life
group_or_non_character_subject,LGB NPCs,Fable; Fable II; Fable III,2004; 2008; 2010,LGB NPCs in Fable series,2000s; 2010s; Bisexual; Bisexual (explicit); Characters; Gay; Gay (explicit); Lesbian; Lesbian (explicit); Optional Relationship; Queer Men; Queer Women,https://lgbtqgamearchive.com/2015/08/28/lgb-npcs-in-fable-series
group_or_non_character_subject,Sex Workers,Fable; Fable II; Fable III,2004; 2008; 2010,Sex Workers in Fable series,2000s; 2010s; Bisexual; Bisexual (explicit); Optional Relationship; Queer Men; Queer Women; Sex Workers and Bisexuality,https://lgbtqgamearchive.com/2015/08/27/sex-workers-in-fable-series
no_explicit_or_implicit_identity_category,Abigail and Queer Game/Narrative,Abigail,2005,Abigail and Queer Game/Narrative,2000s; Queer Game/Narrative; Queer Women,https://lgbtqgamearchive.com/2016/08/29/abigail-and-queer-gamenarrative
group_or_non_character_subject,Women-on-women make outs,Playboy: the Mansion,2005,Women-on-Women Make Outs in Playboy: The Mansion,2000s; Actions; Bisexual; Bisexual (explicit); Lesbian; Lesbian (explicit); Queer Women,https://lgbtqgamearchive.com/2015/11/12/women-on-women-make-outs-in-playboy-the-mansion
no_explicit_or_implicit_identity_category,Amaterasu,Ōkami,2006,Amaterasu in Ōkami,2000s; Agender; Characters; Playable Character,https://lgbtqgamearchive.com/2016/05/25/amaterasu-in-okami
group_or_non_character_subject,Brute Splicers,BioShock; Bioshock 2; Bioshock: Infinite; Bioshock: Infinite- Burial at Sea Episode 1,2007; 2010; 2013; 2013,Brute Splicers in BioShock 2,2010s; Characters; Gay; Gay (implicit); Homophobia; Homophobia/Transphobia; Queer Men,https://lgbtqgamearchive.com/2015/11/24/brute-splicers
group_or_non_character_subject,Guard NPC,BioShock; Bioshock 2; Bioshock: Infinite; Bioshock: Infinite- Burial at Sea Episode 1,2007; 2010; 2013; 2013,Guard NPC in BioShock Infinite,2010s; Characters; Gay; Gay (implicit); Queer Men,https://lgbtqgamearchive.com/2016/06/25/guard-npc-in-bioshock-infinite
group_or_non_character_subject,Other NPCs with possible LGBTQ references,Mass Effect; Mass Effect 2; Mass Effect 3; Mass Effect: Andromeda,2007; 2010; 2012; 2017,Other NPC’s with possible LGBTQ reference in Mass Effect,2010s; Gay; Gay (implicit); Lesbian; Lesbian (implicit); Mentions; Mentions (implicit); Queer Men; Queer Women,https://lgbtqgamearchive.com/2015/10/30/other-npcs-with-possible-lgbtq-reference
group_or_non_character_subject,The Asari,Mass Effect; Mass Effect 2; Mass Effect 3; Mass Effect: Andromeda,2007; 2010; 2012; 2017,Asari in Mass Effect Series,2000s; 2010s; Non-binary or genderqueer; Non-binary or Genderqueer (explicit),https://lgbtqgamearchive.com/2015/10/30/asari
group_or_non_character_subject,Unnamed Gay Couple,BioShock; Bioshock 2; Bioshock: Infinite; Bioshock: Infinite- Burial at Sea Episode 1,2007; 2010; 2013; 2013,Unnamed Gay Couple in BioShock Infinite: Burial at Sea Episode 1,2010s; Characters; Gay; Gay (implicit); Queer Men,https://lgbtqgamearchive.com/2015/11/24/unnamed-gay-couple-in-bioshock-infinite-burial-at-sea-episode-1
group_or_non_character_subject,Marth and his dates,A Smashing Day Out,2009,Marth and his dates in A Smashing Day Out,2000s; Characters; Gay; Gay (explicit); Optional Relationship; Queer Men; Relationships/Romance/Sex,https://lgbtqgamearchive.com/2016/07/18/marth-and-his-dates-in-a-smashing-day-out
no_explicit_or_implicit_identity_category,Chihiro,Danganronpa: Trigger Happy Havoc; Danganronpa 2: Goodbye Despair; Danganronpa Another Episode: Ultra Despair Girls; Danganronpa V3: Killing Harmony,2010; 2012; 2014; 2017,Chihiro in Danganronpa: Trigger Happy Havoc,2010s; Characters; Games by Decade; Gender non-conforming; Homophobia/Transphobia; Mentions; Mentions (implicit); Transphobia,https://lgbtqgamearchive.com/?p=10358
group_or_non_character_subject,NPC Woman and Female Sex Workers,Red Dead Redemption,2010,NPC Woman and Female Sex Workers in Red Dead Redemption,2010s; Characters; Lesbian; Lesbian (implicit); Queer Women,https://lgbtqgamearchive.com/2016/06/24/npc-woman-and-female-sex-workers-in-red-dead-redemption
group_or_non_character_subject,Bonus Dates,Coming Out on Top,2014,Bonus Dates in Coming Out on Top,2010s; Characters; Games by Decade; Gay; Gay (explicit); Gay (implicit); Optional Relationship; Queer Men; Relationships/Romance/Sex,https://lgbtqgamearchive.com/2020/03/09/bonus-dates-in-coming-out-on-top
group_or_non_character_subject,Non-Dateable Characters,Coming Out on Top,2014,Non-Dateable Characters in Coming Out on Top,2010s; Characters; Games by Decade; Gay; Gay (explicit); Gay (implicit); Homophobia; Homophobia/Transphobia; Queer Men,https://lgbtqgamearchive.com/2020/03/09/non-dateable-characters-in-coming-out-on-top
requires_queer_reading_unit,Simon Jarrett,SOMA,2015,Simon Jarrett in SOMA,2010s; Characters; Games by Decade; Non-binary or genderqueer; Non-binary or Genderqueer (implicit); Playable Character,https://lgbtqgamearchive.com/2018/01/12/simon-jarrett-in-soma
no_explicit_or_implicit_identity_category,Alex,Oxenfree,2016,Alex in Oxenfree,2010s; Characters; Games by Decade; Optional Relationship; Playable Character; Queer Women; Relationships/Romance/Sex,https://lgbtqgamearchive.com/2018/01/12/alex-in-oxenfree
no_explicit_or_implicit_identity_category,Drag Queen Doorman,Watch Dogs 2,2016,Drag Queen Doorman in Watch Dogs 2,2010s; Characters; Games by Decade; Gender non-conforming,https://lgbtqgamearchive.com/2019/07/05/drag-queen-doorman
group_or_non_character_subject,Hayes’ Dads,Hustle Cat,2016,Hayes’ Dads in Hustle Cat,2010s; Characters; Games by Decade; Gay; Gay (explicit); Queer Men,https://lgbtqgamearchive.com/2019/09/09/hayes-dads
no_explicit_or_implicit_identity_category,Moira O’Deorain,Overwatch,2016,Moira O’Deorain in Overwatch,2010s; Characters; Games by Decade; Gender non-conforming; Playable Character,https://lgbtqgamearchive.com/2019/03/07/moira-odeorain
no_explicit_or_implicit_identity_category,Floren,Xenoblade Chronicles 2,2017,Floren in Xenoblade Chronicles 2,2010s; Characters; Games by Decade; Gender non-conforming,https://lgbtqgamearchive.com/2021/01/21/floren-in-xenoblade-chronicles-2
no_explicit_or_implicit_identity_category,Gera,Horizon Zero Dawn,2017,Gera in Horizon Zero Dawn,2010s; Characters; Games by Decade; Gender non-conforming,https://lgbtqgamearchive.com/2021/07/09/gera-in-horizon-zero-dawn
no_explicit_or_implicit_identity_category,Vessels,Hollow Knight,2017,Vessels in Hollow Knight,2010s; Agender; Characters; Games by Decade; Playable Character,https://lgbtqgamearchive.com/?p=12310
group_or_non_character_subject,Budding M/M Romance,Cursed Elements,2019,Budding M/M Romance in Cursed Elements,2010s; Characters; Gay; Gay (explicit); Playable Character; Queer Men,https://lgbtqgamearchive.com/2020/08/05/budding-m-m-romance-in-cursed-elements
